2026-05-27 17:29:19.365 +03:00 [WRN] Sensitive data logging is enabled. Log entries and exception messages may include sensitive application data; this mode should only be enabled during development.
2026-05-27 17:29:19.508 +03:00 [WRN] The entity type 'Address' is an optional dependent using table sharing without any required non shared column that could be used to identify whether the entity exists. If all nullable properties contain a 'null' value in database then an object instance won't be created in the query. Add a required property to create instances with 'null' values for other properties or mark the incoming navigation as required to always create an instance.
2026-05-27 17:29:19.528 +03:00 [WRN] No store type was specified for the decimal property 'Price' on entity type 'Dish'. This will cause values to be silently truncated if they do not fit in the default precision and scale. Explicitly specify the SQL server column type that can accommodate all the values in 'OnModelCreating' using 'HasColumnType', specify precision and scale using 'HasPrecision', or configure a value converter using 'HasConversion'.
2026-05-27 17:29:21.706 +03:00 [INF] Executed DbCommand (54ms) [Parameters=[], CommandType='"Text"', CommandTimeout='30']
SELECT 1
2026-05-27 17:29:22.274 +03:00 [INF] Executed DbCommand (24ms) [Parameters=[], CommandType='"Text"', CommandTimeout='30']
SELECT CASE
    WHEN EXISTS (
        SELECT 1
        FROM [Restaurants] AS [r]) THEN CAST(1 AS bit)
    ELSE CAST(0 AS bit)
END
2026-05-27 17:29:25.645 +03:00 [INF] HTTP GET / responded 404 in 33.3935 ms
2026-05-27 17:29:44.795 +03:00 [INF] HTTP GET /swagger/index.html responded 304 in 102.0693 ms
2026-05-27 17:29:44.886 +03:00 [INF] HTTP GET /swagger/index.js responded 304 in 0.9574 ms
2026-05-27 17:29:44.901 +03:00 [INF] HTTP GET /swagger/index.css responded 304 in 15.3804 ms
2026-05-27 17:29:44.901 +03:00 [INF] HTTP GET /swagger/swagger-ui.css responded 304 in 15.3592 ms
2026-05-27 17:29:44.901 +03:00 [INF] HTTP GET /swagger/swagger-ui-standalone-preset.js responded 304 in 15.8246 ms
2026-05-27 17:29:44.917 +03:00 [INF] HTTP GET /swagger/swagger-ui-bundle.js responded 304 in 31.4726 ms
2026-05-27 17:29:45.117 +03:00 [INF] HTTP GET /swagger/v1/swagger.json responded 200 in 18.8609 ms
2026-05-27 17:29:45.573 +03:00 [INF] HTTP GET /swagger/swagger-ui-standalone-preset.js responded 304 in 0.8023 ms
2026-05-27 17:29:45.574 +03:00 [INF] HTTP GET /swagger/index.js responded 304 in 0.3796 ms
2026-05-27 17:29:45.573 +03:00 [INF] HTTP GET /swagger/swagger-ui-bundle.js responded 304 in 0.2148 ms
2026-05-27 17:29:55.389 +03:00 [WRN] You do not have a valid license key for the Lucky Penny software MediatR. This is allowed for development and testing scenarios. If you are running in production you are required to have a licensed version. Please visit https://luckypennysoftware.com to obtain a valid license.
2026-05-27 17:29:55.585 +03:00 [INF] Getting All restaurants
2026-05-27 17:29:55.963 +03:00 [INF] Executed DbCommand (31ms) [Parameters=[], CommandType='"Text"', CommandTimeout='30']
SELECT [r].[Id], [r].[Category], [r].[ContactEmail], [r].[ContactNumber], [r].[Description], [r].[HasDelivery], [r].[Name], [r].[Address_City], [r].[Address_PostalCode], [r].[Address_Street], [d].[Id], [d].[Description], [d].[KiloCalories], [d].[Name], [d].[Price], [d].[RestaurantId]
FROM [Restaurants] AS [r]
LEFT JOIN [Dishes] AS [d] ON [r].[Id] = [d].[RestaurantId]
ORDER BY [r].[Id]
2026-05-27 17:29:56.237 +03:00 [INF] HTTP GET /api/Restaurants/get-all responded 200 in 886.6219 ms
2026-05-27 17:30:34.086 +03:00 [WRN] Removing all dishes from restaurant: 41
2026-05-27 17:30:34.298 +03:00 [INF] HTTP DELETE /api/restaurants/41/Dishes/delete responded 204 in 301.8074 ms
2026-05-27 17:30:34.303 +03:00 [INF] Executed DbCommand (38ms) [Parameters=[@id='41'], CommandType='"Text"', CommandTimeout='30']
SELECT [r0].[Id], [r0].[Category], [r0].[ContactEmail], [r0].[ContactNumber], [r0].[Description], [r0].[HasDelivery], [r0].[Name], [r0].[Address_City], [r0].[Address_PostalCode], [r0].[Address_Street], [d].[Id], [d].[Description], [d].[KiloCalories], [d].[Name], [d].[Price], [d].[RestaurantId]
FROM (
    SELECT TOP(1) [r].[Id], [r].[Category], [r].[ContactEmail], [r].[ContactNumber], [r].[Description], [r].[HasDelivery], [r].[Name], [r].[Address_City], [r].[Address_PostalCode], [r].[Address_Street]
    FROM [Restaurants] AS [r]
    WHERE [r].[Id] = @id
) AS [r0]
LEFT JOIN [Dishes] AS [d] ON [r0].[Id] = [d].[RestaurantId]
ORDER BY [r0].[Id]
2026-05-27 17:30:34.340 +03:00 [ERR] An exception occurred while iterating over the results of a query for context type 'Restaurant.Infrastructure.Contexts.AppDbContext'.
System.ObjectDisposedException: Cannot access a disposed context instance. A common cause of this error is disposing a context instance that was resolved from dependency injection and then later trying to use the same context instance elsewhere in your application. This may occur if you are calling 'Dispose' on the context instance, or wrapping it in a using statement. If you are using dependency injection, you should let the dependency injection container take care of disposing context instances.
Object name: 'AppDbContext'.
   at Microsoft.EntityFrameworkCore.DbContext.CheckDisposed()
   at Microsoft.EntityFrameworkCore.DbContext.get_DbContextDependencies()
   at Microsoft.EntityFrameworkCore.DbContext.Microsoft.EntityFrameworkCore.Internal.IDbContextDependencies.get_StateManager()
   at Microsoft.EntityFrameworkCore.Query.QueryContextDependencies.get_StateManager()
   at Microsoft.EntityFrameworkCore.Query.QueryContext.InitializeStateManager(Boolean standAlone)
   at Microsoft.EntityFrameworkCore.Query.Internal.SingleQueryingEnumerable`1.AsyncEnumerator.InitializeReaderAsync(AsyncEnumerator enumerator, CancellationToken cancellationToken)
   at Microsoft.EntityFrameworkCore.SqlServer.Storage.Internal.SqlServerExecutionStrategy.ExecuteAsync[TState,TResult](TState state, Func`4 operation, Func`4 verifySucceeded, CancellationToken cancellationToken)
   at Microsoft.EntityFrameworkCore.Query.Internal.SingleQueryingEnumerable`1.AsyncEnumerator.MoveNextAsync()
System.ObjectDisposedException: Cannot access a disposed context instance. A common cause of this error is disposing a context instance that was resolved from dependency injection and then later trying to use the same context instance elsewhere in your application. This may occur if you are calling 'Dispose' on the context instance, or wrapping it in a using statement. If you are using dependency injection, you should let the dependency injection container take care of disposing context instances.
Object name: 'AppDbContext'.
   at Microsoft.EntityFrameworkCore.DbContext.CheckDisposed()
   at Microsoft.EntityFrameworkCore.DbContext.get_DbContextDependencies()
   at Microsoft.EntityFrameworkCore.DbContext.Microsoft.EntityFrameworkCore.Internal.IDbContextDependencies.get_StateManager()
   at Microsoft.EntityFrameworkCore.Query.QueryContextDependencies.get_StateManager()
   at Microsoft.EntityFrameworkCore.Query.QueryContext.InitializeStateManager(Boolean standAlone)
   at Microsoft.EntityFrameworkCore.Query.Internal.SingleQueryingEnumerable`1.AsyncEnumerator.InitializeReaderAsync(AsyncEnumerator enumerator, CancellationToken cancellationToken)
   at Microsoft.EntityFrameworkCore.SqlServer.Storage.Internal.SqlServerExecutionStrategy.ExecuteAsync[TState,TResult](TState state, Func`4 operation, Func`4 verifySucceeded, CancellationToken cancellationToken)
   at Microsoft.EntityFrameworkCore.Query.Internal.SingleQueryingEnumerable`1.AsyncEnumerator.MoveNextAsync()
2026-05-27 17:30:48.361 +03:00 [INF] Getting All restaurants
2026-05-27 17:30:48.372 +03:00 [INF] Executed DbCommand (1ms) [Parameters=[], CommandType='"Text"', CommandTimeout='30']
SELECT [r].[Id], [r].[Category], [r].[ContactEmail], [r].[ContactNumber], [r].[Description], [r].[HasDelivery], [r].[Name], [r].[Address_City], [r].[Address_PostalCode], [r].[Address_Street], [d].[Id], [d].[Description], [d].[KiloCalories], [d].[Name], [d].[Price], [d].[RestaurantId]
FROM [Restaurants] AS [r]
LEFT JOIN [Dishes] AS [d] ON [r].[Id] = [d].[RestaurantId]
ORDER BY [r].[Id]
2026-05-27 17:30:48.382 +03:00 [INF] HTTP GET /api/Restaurants/get-all responded 200 in 28.3646 ms
2026-05-27 17:32:48.144 +03:00 [WRN] Removing all dishes from restaurant: 41
2026-05-27 17:33:18.322 +03:00 [INF] Executed DbCommand (2ms) [Parameters=[@id='41'], CommandType='"Text"', CommandTimeout='30']
SELECT [r0].[Id], [r0].[Category], [r0].[ContactEmail], [r0].[ContactNumber], [r0].[Description], [r0].[HasDelivery], [r0].[Name], [r0].[Address_City], [r0].[Address_PostalCode], [r0].[Address_Street], [d].[Id], [d].[Description], [d].[KiloCalories], [d].[Name], [d].[Price], [d].[RestaurantId]
FROM (
    SELECT TOP(1) [r].[Id], [r].[Category], [r].[ContactEmail], [r].[ContactNumber], [r].[Description], [r].[HasDelivery], [r].[Name], [r].[Address_City], [r].[Address_PostalCode], [r].[Address_Street]
    FROM [Restaurants] AS [r]
    WHERE [r].[Id] = @id
) AS [r0]
LEFT JOIN [Dishes] AS [d] ON [r0].[Id] = [d].[RestaurantId]
ORDER BY [r0].[Id]
2026-05-27 17:33:18.341 +03:00 [INF] HTTP DELETE /api/restaurants/41/Dishes/delete responded 204 in 71690.7897 ms
2026-05-27 17:33:22.533 +03:00 [INF] Request [DELETE] at /api/restaurants/41/Dishes/delete took 75881 ms
2026-05-27 17:33:52.316 +03:00 [WRN] Sensitive data logging is enabled. Log entries and exception messages may include sensitive application data; this mode should only be enabled during development.
2026-05-27 17:33:52.401 +03:00 [WRN] The entity type 'Address' is an optional dependent using table sharing without any required non shared column that could be used to identify whether the entity exists. If all nullable properties contain a 'null' value in database then an object instance won't be created in the query. Add a required property to create instances with 'null' values for other properties or mark the incoming navigation as required to always create an instance.
2026-05-27 17:33:52.414 +03:00 [WRN] No store type was specified for the decimal property 'Price' on entity type 'Dish'. This will cause values to be silently truncated if they do not fit in the default precision and scale. Explicitly specify the SQL server column type that can accommodate all the values in 'OnModelCreating' using 'HasColumnType', specify precision and scale using 'HasPrecision', or configure a value converter using 'HasConversion'.
2026-05-27 17:33:52.848 +03:00 [INF] Executed DbCommand (46ms) [Parameters=[], CommandType='"Text"', CommandTimeout='30']
SELECT 1
2026-05-27 17:33:53.266 +03:00 [INF] Executed DbCommand (24ms) [Parameters=[], CommandType='"Text"', CommandTimeout='30']
SELECT CASE
    WHEN EXISTS (
        SELECT 1
        FROM [Restaurants] AS [r]) THEN CAST(1 AS bit)
    ELSE CAST(0 AS bit)
END
2026-05-27 17:33:55.287 +03:00 [INF] HTTP GET / responded 404 in 25.7707 ms
2026-05-27 17:34:04.964 +03:00 [INF] HTTP GET /swagger/index.html responded 304 in 75.9316 ms
2026-05-27 17:34:04.999 +03:00 [INF] HTTP GET /swagger/index.css responded 304 in 7.4203 ms
2026-05-27 17:34:04.999 +03:00 [INF] HTTP GET /swagger/swagger-ui.css responded 304 in 7.4407 ms
2026-05-27 17:34:05.003 +03:00 [INF] HTTP GET /swagger/swagger-ui-bundle.js responded 304 in 11.6607 ms
2026-05-27 17:34:05.049 +03:00 [INF] HTTP GET /swagger/swagger-ui-standalone-preset.js responded 304 in 14.5402 ms
2026-05-27 17:34:05.049 +03:00 [INF] HTTP GET /swagger/index.js responded 304 in 0.5409 ms
2026-05-27 17:34:05.308 +03:00 [INF] HTTP GET /swagger/v1/swagger.json responded 200 in 47.4190 ms
2026-05-27 17:34:24.303 +03:00 [WRN] You do not have a valid license key for the Lucky Penny software MediatR. This is allowed for development and testing scenarios. If you are running in production you are required to have a licensed version. Please visit https://luckypennysoftware.com to obtain a valid license.
2026-05-27 17:34:27.866 +03:00 [WRN] Removing all dishes from restaurant: 44
2026-05-27 17:34:28.193 +03:00 [INF] HTTP DELETE /api/restaurants/44/Dishes/delete responded 204 in 3938.1931 ms
2026-05-27 17:34:28.194 +03:00 [INF] Executed DbCommand (41ms) [Parameters=[@id='44'], CommandType='"Text"', CommandTimeout='30']
SELECT [r0].[Id], [r0].[Category], [r0].[ContactEmail], [r0].[ContactNumber], [r0].[Description], [r0].[HasDelivery], [r0].[Name], [r0].[Address_City], [r0].[Address_PostalCode], [r0].[Address_Street], [d].[Id], [d].[Description], [d].[KiloCalories], [d].[Name], [d].[Price], [d].[RestaurantId]
FROM (
    SELECT TOP(1) [r].[Id], [r].[Category], [r].[ContactEmail], [r].[ContactNumber], [r].[Description], [r].[HasDelivery], [r].[Name], [r].[Address_City], [r].[Address_PostalCode], [r].[Address_Street]
    FROM [Restaurants] AS [r]
    WHERE [r].[Id] = @id
) AS [r0]
LEFT JOIN [Dishes] AS [d] ON [r0].[Id] = [d].[RestaurantId]
ORDER BY [r0].[Id]
2026-05-27 17:34:28.231 +03:00 [ERR] An exception occurred while iterating over the results of a query for context type 'Restaurant.Infrastructure.Contexts.AppDbContext'.
System.ObjectDisposedException: Cannot access a disposed context instance. A common cause of this error is disposing a context instance that was resolved from dependency injection and then later trying to use the same context instance elsewhere in your application. This may occur if you are calling 'Dispose' on the context instance, or wrapping it in a using statement. If you are using dependency injection, you should let the dependency injection container take care of disposing context instances.
Object name: 'AppDbContext'.
   at Microsoft.EntityFrameworkCore.DbContext.CheckDisposed()
   at Microsoft.EntityFrameworkCore.DbContext.get_DbContextDependencies()
   at Microsoft.EntityFrameworkCore.DbContext.Microsoft.EntityFrameworkCore.Internal.IDbContextDependencies.get_StateManager()
   at Microsoft.EntityFrameworkCore.Query.QueryContextDependencies.get_StateManager()
   at Microsoft.EntityFrameworkCore.Query.QueryContext.InitializeStateManager(Boolean standAlone)
   at Microsoft.EntityFrameworkCore.Query.Internal.SingleQueryingEnumerable`1.AsyncEnumerator.InitializeReaderAsync(AsyncEnumerator enumerator, CancellationToken cancellationToken)
   at Microsoft.EntityFrameworkCore.SqlServer.Storage.Internal.SqlServerExecutionStrategy.ExecuteAsync[TState,TResult](TState state, Func`4 operation, Func`4 verifySucceeded, CancellationToken cancellationToken)
   at Microsoft.EntityFrameworkCore.Query.Internal.SingleQueryingEnumerable`1.AsyncEnumerator.MoveNextAsync()
System.ObjectDisposedException: Cannot access a disposed context instance. A common cause of this error is disposing a context instance that was resolved from dependency injection and then later trying to use the same context instance elsewhere in your application. This may occur if you are calling 'Dispose' on the context instance, or wrapping it in a using statement. If you are using dependency injection, you should let the dependency injection container take care of disposing context instances.
Object name: 'AppDbContext'.
   at Microsoft.EntityFrameworkCore.DbContext.CheckDisposed()
   at Microsoft.EntityFrameworkCore.DbContext.get_DbContextDependencies()
   at Microsoft.EntityFrameworkCore.DbContext.Microsoft.EntityFrameworkCore.Internal.IDbContextDependencies.get_StateManager()
   at Microsoft.EntityFrameworkCore.Query.QueryContextDependencies.get_StateManager()
   at Microsoft.EntityFrameworkCore.Query.QueryContext.InitializeStateManager(Boolean standAlone)
   at Microsoft.EntityFrameworkCore.Query.Internal.SingleQueryingEnumerable`1.AsyncEnumerator.InitializeReaderAsync(AsyncEnumerator enumerator, CancellationToken cancellationToken)
   at Microsoft.EntityFrameworkCore.SqlServer.Storage.Internal.SqlServerExecutionStrategy.ExecuteAsync[TState,TResult](TState state, Func`4 operation, Func`4 verifySucceeded, CancellationToken cancellationToken)
   at Microsoft.EntityFrameworkCore.Query.Internal.SingleQueryingEnumerable`1.AsyncEnumerator.MoveNextAsync()
2026-05-27 17:36:24.340 +03:00 [WRN] Removing all dishes from restaurant: 44
2026-05-27 17:36:30.006 +03:00 [INF] Executed DbCommand (2ms) [Parameters=[@id='44'], CommandType='"Text"', CommandTimeout='30']
SELECT [r0].[Id], [r0].[Category], [r0].[ContactEmail], [r0].[ContactNumber], [r0].[Description], [r0].[HasDelivery], [r0].[Name], [r0].[Address_City], [r0].[Address_PostalCode], [r0].[Address_Street], [d].[Id], [d].[Description], [d].[KiloCalories], [d].[Name], [d].[Price], [d].[RestaurantId]
FROM (
    SELECT TOP(1) [r].[Id], [r].[Category], [r].[ContactEmail], [r].[ContactNumber], [r].[Description], [r].[HasDelivery], [r].[Name], [r].[Address_City], [r].[Address_PostalCode], [r].[Address_Street]
    FROM [Restaurants] AS [r]
    WHERE [r].[Id] = @id
) AS [r0]
LEFT JOIN [Dishes] AS [d] ON [r0].[Id] = [d].[RestaurantId]
ORDER BY [r0].[Id]
2026-05-27 17:36:30.006 +03:00 [INF] HTTP DELETE /api/restaurants/44/Dishes/delete responded 204 in 27135.4472 ms
2026-05-27 17:36:30.016 +03:00 [INF] Request [DELETE] at /api/restaurants/44/Dishes/delete took 27144 ms
2026-05-27 17:41:37.956 +03:00 [WRN] Sensitive data logging is enabled. Log entries and exception messages may include sensitive application data; this mode should only be enabled during development.
2026-05-27 17:41:38.080 +03:00 [WRN] The entity type 'Address' is an optional dependent using table sharing without any required non shared column that could be used to identify whether the entity exists. If all nullable properties contain a 'null' value in database then an object instance won't be created in the query. Add a required property to create instances with 'null' values for other properties or mark the incoming navigation as required to always create an instance.
2026-05-27 17:41:38.095 +03:00 [WRN] No store type was specified for the decimal property 'Price' on entity type 'Dish'. This will cause values to be silently truncated if they do not fit in the default precision and scale. Explicitly specify the SQL server column type that can accommodate all the values in 'OnModelCreating' using 'HasColumnType', specify precision and scale using 'HasPrecision', or configure a value converter using 'HasConversion'.
2026-05-27 17:41:38.671 +03:00 [INF] Executed DbCommand (37ms) [Parameters=[], CommandType='"Text"', CommandTimeout='30']
SELECT 1
2026-05-27 17:41:39.084 +03:00 [INF] Executed DbCommand (41ms) [Parameters=[], CommandType='"Text"', CommandTimeout='30']
SELECT CASE
    WHEN EXISTS (
        SELECT 1
        FROM [Restaurants] AS [r]) THEN CAST(1 AS bit)
    ELSE CAST(0 AS bit)
END
2026-05-27 17:41:40.722 +03:00 [INF] HTTP GET / responded 404 in 18.5079 ms
2026-05-27 17:41:50.087 +03:00 [WRN] Sensitive data logging is enabled. Log entries and exception messages may include sensitive application data; this mode should only be enabled during development.
2026-05-27 17:41:50.186 +03:00 [WRN] The entity type 'Address' is an optional dependent using table sharing without any required non shared column that could be used to identify whether the entity exists. If all nullable properties contain a 'null' value in database then an object instance won't be created in the query. Add a required property to create instances with 'null' values for other properties or mark the incoming navigation as required to always create an instance.
2026-05-27 17:41:50.203 +03:00 [WRN] No store type was specified for the decimal property 'Price' on entity type 'Dish'. This will cause values to be silently truncated if they do not fit in the default precision and scale. Explicitly specify the SQL server column type that can accommodate all the values in 'OnModelCreating' using 'HasColumnType', specify precision and scale using 'HasPrecision', or configure a value converter using 'HasConversion'.
2026-05-27 17:41:50.785 +03:00 [INF] Executed DbCommand (37ms) [Parameters=[], CommandType='"Text"', CommandTimeout='30']
SELECT 1
2026-05-27 17:41:51.214 +03:00 [INF] Executed DbCommand (19ms) [Parameters=[], CommandType='"Text"', CommandTimeout='30']
SELECT CASE
    WHEN EXISTS (
        SELECT 1
        FROM [Restaurants] AS [r]) THEN CAST(1 AS bit)
    ELSE CAST(0 AS bit)
END
2026-05-27 17:41:53.239 +03:00 [INF] HTTP GET / responded 404 in 34.3250 ms
2026-05-27 17:41:56.931 +03:00 [INF] HTTP GET /swagger/index.html responded 304 in 88.4582 ms
2026-05-27 17:41:56.974 +03:00 [INF] HTTP GET /swagger/swagger-ui.css responded 304 in 13.3408 ms
2026-05-27 17:41:56.974 +03:00 [INF] HTTP GET /swagger/index.css responded 304 in 13.3204 ms
2026-05-27 17:41:56.979 +03:00 [INF] HTTP GET /swagger/swagger-ui-bundle.js responded 304 in 17.9203 ms
2026-05-27 17:41:57.035 +03:00 [INF] HTTP GET /swagger/swagger-ui-standalone-preset.js responded 304 in 18.0768 ms
2026-05-27 17:41:57.035 +03:00 [INF] HTTP GET /swagger/index.js responded 304 in 0.7029 ms
2026-05-27 17:41:57.314 +03:00 [INF] HTTP GET /swagger/v1/swagger.json responded 200 in 48.9293 ms
2026-05-27 17:42:06.220 +03:00 [WRN] You do not have a valid license key for the Lucky Penny software MediatR. This is allowed for development and testing scenarios. If you are running in production you are required to have a licensed version. Please visit https://luckypennysoftware.com to obtain a valid license.
2026-05-27 17:42:25.027 +03:00 [WRN] Removing all dishes from restaurant: 111
2026-05-27 17:42:28.247 +03:00 [INF] HTTP DELETE /api/restaurants/111/Dishes/delete responded 204 in 22077.2228 ms
2026-05-27 17:42:28.249 +03:00 [INF] Executed DbCommand (74ms) [Parameters=[@id='111'], CommandType='"Text"', CommandTimeout='30']
SELECT [r0].[Id], [r0].[Category], [r0].[ContactEmail], [r0].[ContactNumber], [r0].[Description], [r0].[HasDelivery], [r0].[Name], [r0].[Address_City], [r0].[Address_PostalCode], [r0].[Address_Street], [d].[Id], [d].[Description], [d].[KiloCalories], [d].[Name], [d].[Price], [d].[RestaurantId]
FROM (
    SELECT TOP(1) [r].[Id], [r].[Category], [r].[ContactEmail], [r].[ContactNumber], [r].[Description], [r].[HasDelivery], [r].[Name], [r].[Address_City], [r].[Address_PostalCode], [r].[Address_Street]
    FROM [Restaurants] AS [r]
    WHERE [r].[Id] = @id
) AS [r0]
LEFT JOIN [Dishes] AS [d] ON [r0].[Id] = [d].[RestaurantId]
ORDER BY [r0].[Id]
2026-05-27 17:42:28.254 +03:00 [INF] Request [DELETE] at /api/restaurants/111/Dishes/delete took 22082 ms
2026-05-27 17:43:48.438 +03:00 [WRN] Sensitive data logging is enabled. Log entries and exception messages may include sensitive application data; this mode should only be enabled during development.
2026-05-27 17:43:48.525 +03:00 [WRN] The entity type 'Address' is an optional dependent using table sharing without any required non shared column that could be used to identify whether the entity exists. If all nullable properties contain a 'null' value in database then an object instance won't be created in the query. Add a required property to create instances with 'null' values for other properties or mark the incoming navigation as required to always create an instance.
2026-05-27 17:43:48.538 +03:00 [WRN] No store type was specified for the decimal property 'Price' on entity type 'Dish'. This will cause values to be silently truncated if they do not fit in the default precision and scale. Explicitly specify the SQL server column type that can accommodate all the values in 'OnModelCreating' using 'HasColumnType', specify precision and scale using 'HasPrecision', or configure a value converter using 'HasConversion'.
2026-05-27 17:43:49.017 +03:00 [INF] Executed DbCommand (36ms) [Parameters=[], CommandType='"Text"', CommandTimeout='30']
SELECT 1
2026-05-27 17:43:49.436 +03:00 [INF] Executed DbCommand (25ms) [Parameters=[], CommandType='"Text"', CommandTimeout='30']
SELECT CASE
    WHEN EXISTS (
        SELECT 1
        FROM [Restaurants] AS [r]) THEN CAST(1 AS bit)
    ELSE CAST(0 AS bit)
END
2026-05-27 17:43:51.300 +03:00 [INF] HTTP GET / responded 404 in 30.2142 ms
2026-05-27 17:43:54.897 +03:00 [INF] HTTP GET /swagger/index.html responded 304 in 97.6149 ms
2026-05-27 17:43:54.935 +03:00 [INF] HTTP GET /swagger/index.css responded 304 in 11.3461 ms
2026-05-27 17:43:54.935 +03:00 [INF] HTTP GET /swagger/swagger-ui.css responded 304 in 11.3523 ms
2026-05-27 17:43:54.939 +03:00 [INF] HTTP GET /swagger/swagger-ui-bundle.js responded 304 in 15.9628 ms
2026-05-27 17:43:54.988 +03:00 [INF] HTTP GET /swagger/swagger-ui-standalone-preset.js responded 304 in 15.8771 ms
2026-05-27 17:43:54.988 +03:00 [INF] HTTP GET /swagger/index.js responded 304 in 0.6215 ms
2026-05-27 17:43:55.179 +03:00 [INF] HTTP GET /swagger/v1/swagger.json responded 200 in 28.9139 ms
2026-05-27 17:44:07.172 +03:00 [WRN] You do not have a valid license key for the Lucky Penny software MediatR. This is allowed for development and testing scenarios. If you are running in production you are required to have a licensed version. Please visit https://luckypennysoftware.com to obtain a valid license.
2026-05-27 17:44:10.323 +03:00 [WRN] Removing all dishes from restaurant: 212
2026-05-27 17:44:10.720 +03:00 [INF] HTTP DELETE /api/restaurants/212/Dishes/delete responded 204 in 3602.5551 ms
2026-05-27 17:44:10.723 +03:00 [INF] Executed DbCommand (58ms) [Parameters=[@id='212'], CommandType='"Text"', CommandTimeout='30']
SELECT [r0].[Id], [r0].[Category], [r0].[ContactEmail], [r0].[ContactNumber], [r0].[Description], [r0].[HasDelivery], [r0].[Name], [r0].[Address_City], [r0].[Address_PostalCode], [r0].[Address_Street], [d].[Id], [d].[Description], [d].[KiloCalories], [d].[Name], [d].[Price], [d].[RestaurantId]
FROM (
    SELECT TOP(1) [r].[Id], [r].[Category], [r].[ContactEmail], [r].[ContactNumber], [r].[Description], [r].[HasDelivery], [r].[Name], [r].[Address_City], [r].[Address_PostalCode], [r].[Address_Street]
    FROM [Restaurants] AS [r]
    WHERE [r].[Id] = @id
) AS [r0]
LEFT JOIN [Dishes] AS [d] ON [r0].[Id] = [d].[RestaurantId]
ORDER BY [r0].[Id]
2026-05-27 17:44:10.751 +03:00 [ERR] An exception occurred while iterating over the results of a query for context type 'Restaurant.Infrastructure.Contexts.AppDbContext'.
System.ObjectDisposedException: Cannot access a disposed context instance. A common cause of this error is disposing a context instance that was resolved from dependency injection and then later trying to use the same context instance elsewhere in your application. This may occur if you are calling 'Dispose' on the context instance, or wrapping it in a using statement. If you are using dependency injection, you should let the dependency injection container take care of disposing context instances.
Object name: 'AppDbContext'.
   at Microsoft.EntityFrameworkCore.DbContext.CheckDisposed()
   at Microsoft.EntityFrameworkCore.DbContext.get_DbContextDependencies()
   at Microsoft.EntityFrameworkCore.DbContext.Microsoft.EntityFrameworkCore.Internal.IDbContextDependencies.get_StateManager()
   at Microsoft.EntityFrameworkCore.Query.QueryContextDependencies.get_StateManager()
   at Microsoft.EntityFrameworkCore.Query.QueryContext.InitializeStateManager(Boolean standAlone)
   at Microsoft.EntityFrameworkCore.Query.Internal.SingleQueryingEnumerable`1.AsyncEnumerator.InitializeReaderAsync(AsyncEnumerator enumerator, CancellationToken cancellationToken)
   at Microsoft.EntityFrameworkCore.SqlServer.Storage.Internal.SqlServerExecutionStrategy.ExecuteAsync[TState,TResult](TState state, Func`4 operation, Func`4 verifySucceeded, CancellationToken cancellationToken)
   at Microsoft.EntityFrameworkCore.Query.Internal.SingleQueryingEnumerable`1.AsyncEnumerator.MoveNextAsync()
System.ObjectDisposedException: Cannot access a disposed context instance. A common cause of this error is disposing a context instance that was resolved from dependency injection and then later trying to use the same context instance elsewhere in your application. This may occur if you are calling 'Dispose' on the context instance, or wrapping it in a using statement. If you are using dependency injection, you should let the dependency injection container take care of disposing context instances.
Object name: 'AppDbContext'.
   at Microsoft.EntityFrameworkCore.DbContext.CheckDisposed()
   at Microsoft.EntityFrameworkCore.DbContext.get_DbContextDependencies()
   at Microsoft.EntityFrameworkCore.DbContext.Microsoft.EntityFrameworkCore.Internal.IDbContextDependencies.get_StateManager()
   at Microsoft.EntityFrameworkCore.Query.QueryContextDependencies.get_StateManager()
   at Microsoft.EntityFrameworkCore.Query.QueryContext.InitializeStateManager(Boolean standAlone)
   at Microsoft.EntityFrameworkCore.Query.Internal.SingleQueryingEnumerable`1.AsyncEnumerator.InitializeReaderAsync(AsyncEnumerator enumerator, CancellationToken cancellationToken)
   at Microsoft.EntityFrameworkCore.SqlServer.Storage.Internal.SqlServerExecutionStrategy.ExecuteAsync[TState,TResult](TState state, Func`4 operation, Func`4 verifySucceeded, CancellationToken cancellationToken)
   at Microsoft.EntityFrameworkCore.Query.Internal.SingleQueryingEnumerable`1.AsyncEnumerator.MoveNextAsync()
2026-05-27 17:46:23.148 +03:00 [WRN] Sensitive data logging is enabled. Log entries and exception messages may include sensitive application data; this mode should only be enabled during development.
2026-05-27 17:46:23.238 +03:00 [WRN] The entity type 'Address' is an optional dependent using table sharing without any required non shared column that could be used to identify whether the entity exists. If all nullable properties contain a 'null' value in database then an object instance won't be created in the query. Add a required property to create instances with 'null' values for other properties or mark the incoming navigation as required to always create an instance.
2026-05-27 17:46:23.250 +03:00 [WRN] No store type was specified for the decimal property 'Price' on entity type 'Dish'. This will cause values to be silently truncated if they do not fit in the default precision and scale. Explicitly specify the SQL server column type that can accommodate all the values in 'OnModelCreating' using 'HasColumnType', specify precision and scale using 'HasPrecision', or configure a value converter using 'HasConversion'.
2026-05-27 17:46:23.675 +03:00 [INF] Executed DbCommand (30ms) [Parameters=[], CommandType='"Text"', CommandTimeout='30']
SELECT 1
2026-05-27 17:46:23.972 +03:00 [INF] Executed DbCommand (16ms) [Parameters=[], CommandType='"Text"', CommandTimeout='30']
SELECT CASE
    WHEN EXISTS (
        SELECT 1
        FROM [Restaurants] AS [r]) THEN CAST(1 AS bit)
    ELSE CAST(0 AS bit)
END
2026-05-27 17:46:25.752 +03:00 [INF] HTTP GET / responded 404 in 27.1375 ms
2026-05-27 17:46:27.706 +03:00 [INF] HTTP GET /swagger/index.html responded 304 in 96.5703 ms
2026-05-27 17:46:27.782 +03:00 [INF] HTTP GET /swagger/index.css responded 304 in 12.2524 ms
2026-05-27 17:46:27.782 +03:00 [INF] HTTP GET /swagger/swagger-ui.css responded 304 in 12.2545 ms
2026-05-27 17:46:27.784 +03:00 [INF] HTTP GET /swagger/swagger-ui-bundle.js responded 304 in 14.9183 ms
2026-05-27 17:46:27.877 +03:00 [INF] HTTP GET /swagger/index.js responded 304 in 31.2946 ms
2026-05-27 17:46:27.878 +03:00 [INF] HTTP GET /swagger/swagger-ui-standalone-preset.js responded 304 in 31.8474 ms
2026-05-27 17:46:28.095 +03:00 [INF] HTTP GET /swagger/v1/swagger.json responded 200 in 29.5616 ms
2026-05-27 17:46:35.788 +03:00 [WRN] You do not have a valid license key for the Lucky Penny software MediatR. This is allowed for development and testing scenarios. If you are running in production you are required to have a licensed version. Please visit https://luckypennysoftware.com to obtain a valid license.
2026-05-27 17:46:56.934 +03:00 [WRN] Removing all dishes from restaurant: 414
2026-05-27 17:47:14.334 +03:00 [INF] HTTP DELETE /api/restaurants/414/Dishes/delete responded 204 in 38611.0933 ms
2026-05-27 17:47:14.336 +03:00 [INF] Executed DbCommand (68ms) [Parameters=[@id='414'], CommandType='"Text"', CommandTimeout='30']
SELECT [r0].[Id], [r0].[Category], [r0].[ContactEmail], [r0].[ContactNumber], [r0].[Description], [r0].[HasDelivery], [r0].[Name], [r0].[Address_City], [r0].[Address_PostalCode], [r0].[Address_Street], [d].[Id], [d].[Description], [d].[KiloCalories], [d].[Name], [d].[Price], [d].[RestaurantId]
FROM (
    SELECT TOP(1) [r].[Id], [r].[Category], [r].[ContactEmail], [r].[ContactNumber], [r].[Description], [r].[HasDelivery], [r].[Name], [r].[Address_City], [r].[Address_PostalCode], [r].[Address_Street]
    FROM [Restaurants] AS [r]
    WHERE [r].[Id] = @id
) AS [r0]
LEFT JOIN [Dishes] AS [d] ON [r0].[Id] = [d].[RestaurantId]
ORDER BY [r0].[Id]
2026-05-27 17:47:14.341 +03:00 [INF] Request [DELETE] at /api/restaurants/414/Dishes/delete took 38616 ms
2026-05-27 17:48:50.808 +03:00 [WRN] Removing all dishes from restaurant: 4144
2026-05-27 17:49:25.196 +03:00 [INF] Executed DbCommand (2ms) [Parameters=[@id='4144'], CommandType='"Text"', CommandTimeout='30']
SELECT [r0].[Id], [r0].[Category], [r0].[ContactEmail], [r0].[ContactNumber], [r0].[Description], [r0].[HasDelivery], [r0].[Name], [r0].[Address_City], [r0].[Address_PostalCode], [r0].[Address_Street], [d].[Id], [d].[Description], [d].[KiloCalories], [d].[Name], [d].[Price], [d].[RestaurantId]
FROM (
    SELECT TOP(1) [r].[Id], [r].[Category], [r].[ContactEmail], [r].[ContactNumber], [r].[Description], [r].[HasDelivery], [r].[Name], [r].[Address_City], [r].[Address_PostalCode], [r].[Address_Street]
    FROM [Restaurants] AS [r]
    WHERE [r].[Id] = @id
) AS [r0]
LEFT JOIN [Dishes] AS [d] ON [r0].[Id] = [d].[RestaurantId]
ORDER BY [r0].[Id]
2026-05-27 17:49:25.212 +03:00 [INF] HTTP DELETE /api/restaurants/4144/Dishes/delete responded 204 in 61866.0298 ms
2026-05-27 17:49:39.071 +03:00 [INF] Request [DELETE] at /api/restaurants/4144/Dishes/delete took 75724 ms
2026-05-27 17:50:47.232 +03:00 [INF] Creating new dish {"RestaurantId":44,"Name":"string","Description":"string","Price":0,"KiloCalories":0,"$type":"CreateDishCommand"}
2026-05-27 17:50:47.247 +03:00 [INF] Executed DbCommand (1ms) [Parameters=[@id='44'], CommandType='"Text"', CommandTimeout='30']
SELECT [r0].[Id], [r0].[Category], [r0].[ContactEmail], [r0].[ContactNumber], [r0].[Description], [r0].[HasDelivery], [r0].[Name], [r0].[Address_City], [r0].[Address_PostalCode], [r0].[Address_Street], [d].[Id], [d].[Description], [d].[KiloCalories], [d].[Name], [d].[Price], [d].[RestaurantId]
FROM (
    SELECT TOP(1) [r].[Id], [r].[Category], [r].[ContactEmail], [r].[ContactNumber], [r].[Description], [r].[HasDelivery], [r].[Name], [r].[Address_City], [r].[Address_PostalCode], [r].[Address_Street]
    FROM [Restaurants] AS [r]
    WHERE [r].[Id] = @id
) AS [r0]
LEFT JOIN [Dishes] AS [d] ON [r0].[Id] = [d].[RestaurantId]
ORDER BY [r0].[Id]
2026-05-27 17:51:00.348 +03:00 [ERR] HTTP POST /api/restaurants/44/Dishes responded 500 in 13292.8263 ms
Restaurant.Domain.Exceptions.NotFoundException: Restaurant with id: 44 does not exist!
   at Restaurant.Application.Dishes.Commands.CreateDish.CreateDishCommandHandler.Handle(CreateDishCommand request, CancellationToken cancellationToken) in C:\Users\USER\OneDrive\Desktop\VisualStudioFolder\vsPorjects\IndividualProjects\RestaurantProject\Restaurant.Application\Dishes\Commands\CreateDish\CreateDishCommandHandler.cs:line 19
   at MediatR.Wrappers.RequestHandlerWrapperImpl`1.<>c__DisplayClass1_0.<<Handle>g__Handler|0>d.MoveNext()
--- End of stack trace from previous location ---
   at Restaurant.API.Controllers.DishesController.CreateDish(Int32 restaurantId, CreateDishCommand command) in C:\Users\USER\OneDrive\Desktop\VisualStudioFolder\vsPorjects\IndividualProjects\RestaurantProject\Restaurant.API\Controllers\DishesController.cs:line 20
   at Microsoft.AspNetCore.Mvc.Infrastructure.ActionMethodExecutor.TaskOfIActionResultExecutor.Execute(ActionContext actionContext, IActionResultTypeMapper mapper, ObjectMethodExecutor executor, Object controller, Object[] arguments)
   at Microsoft.AspNetCore.Mvc.Infrastructure.ControllerActionInvoker.<InvokeActionMethodAsync>g__Awaited|12_0(ControllerActionInvoker invoker, ValueTask`1 actionResultValueTask)
   at Microsoft.AspNetCore.Mvc.Infrastructure.ControllerActionInvoker.<InvokeNextActionFilterAsync>g__Awaited|10_0(ControllerActionInvoker invoker, Task lastTask, State next, Scope scope, Object state, Boolean isCompleted)
   at Microsoft.AspNetCore.Mvc.Infrastructure.ControllerActionInvoker.Rethrow(ActionExecutedContextSealed context)
   at Microsoft.AspNetCore.Mvc.Infrastructure.ControllerActionInvoker.Next(State& next, Scope& scope, Object& state, Boolean& isCompleted)
   at Microsoft.AspNetCore.Mvc.Infrastructure.ControllerActionInvoker.<InvokeInnerFilterAsync>g__Awaited|13_0(ControllerActionInvoker invoker, Task lastTask, State next, Scope scope, Object state, Boolean isCompleted)
   at Microsoft.AspNetCore.Mvc.Infrastructure.ResourceInvoker.<InvokeFilterPipelineAsync>g__Awaited|20_0(ResourceInvoker invoker, Task lastTask, State next, Scope scope, Object state, Boolean isCompleted)
   at Microsoft.AspNetCore.Mvc.Infrastructure.ResourceInvoker.<InvokeAsync>g__Awaited|17_0(ResourceInvoker invoker, Task task, IDisposable scope)
   at Microsoft.AspNetCore.Mvc.Infrastructure.ResourceInvoker.<InvokeAsync>g__Awaited|17_0(ResourceInvoker invoker, Task task, IDisposable scope)
   at Microsoft.AspNetCore.Authorization.AuthorizationMiddleware.Invoke(HttpContext context)
   at Swashbuckle.AspNetCore.SwaggerUI.SwaggerUIMiddleware.Invoke(HttpContext httpContext)
   at Swashbuckle.AspNetCore.Swagger.SwaggerMiddleware.Invoke(HttpContext httpContext, ISwaggerProvider swaggerProvider)
   at Serilog.AspNetCore.RequestLoggingMiddleware.Invoke(HttpContext httpContext)
2026-05-27 17:51:00.556 +03:00 [ERR] Restaurant with id: 44 does not exist!
Restaurant.Domain.Exceptions.NotFoundException: Restaurant with id: 44 does not exist!
   at Restaurant.Application.Dishes.Commands.CreateDish.CreateDishCommandHandler.Handle(CreateDishCommand request, CancellationToken cancellationToken) in C:\Users\USER\OneDrive\Desktop\VisualStudioFolder\vsPorjects\IndividualProjects\RestaurantProject\Restaurant.Application\Dishes\Commands\CreateDish\CreateDishCommandHandler.cs:line 19
   at MediatR.Wrappers.RequestHandlerWrapperImpl`1.<>c__DisplayClass1_0.<<Handle>g__Handler|0>d.MoveNext()
--- End of stack trace from previous location ---
   at Restaurant.API.Controllers.DishesController.CreateDish(Int32 restaurantId, CreateDishCommand command) in C:\Users\USER\OneDrive\Desktop\VisualStudioFolder\vsPorjects\IndividualProjects\RestaurantProject\Restaurant.API\Controllers\DishesController.cs:line 20
   at Microsoft.AspNetCore.Mvc.Infrastructure.ActionMethodExecutor.TaskOfIActionResultExecutor.Execute(ActionContext actionContext, IActionResultTypeMapper mapper, ObjectMethodExecutor executor, Object controller, Object[] arguments)
   at Microsoft.AspNetCore.Mvc.Infrastructure.ControllerActionInvoker.<InvokeActionMethodAsync>g__Awaited|12_0(ControllerActionInvoker invoker, ValueTask`1 actionResultValueTask)
   at Microsoft.AspNetCore.Mvc.Infrastructure.ControllerActionInvoker.<InvokeNextActionFilterAsync>g__Awaited|10_0(ControllerActionInvoker invoker, Task lastTask, State next, Scope scope, Object state, Boolean isCompleted)
   at Microsoft.AspNetCore.Mvc.Infrastructure.ControllerActionInvoker.Rethrow(ActionExecutedContextSealed context)
   at Microsoft.AspNetCore.Mvc.Infrastructure.ControllerActionInvoker.Next(State& next, Scope& scope, Object& state, Boolean& isCompleted)
   at Microsoft.AspNetCore.Mvc.Infrastructure.ControllerActionInvoker.<InvokeInnerFilterAsync>g__Awaited|13_0(ControllerActionInvoker invoker, Task lastTask, State next, Scope scope, Object state, Boolean isCompleted)
   at Microsoft.AspNetCore.Mvc.Infrastructure.ResourceInvoker.<InvokeFilterPipelineAsync>g__Awaited|20_0(ResourceInvoker invoker, Task lastTask, State next, Scope scope, Object state, Boolean isCompleted)
   at Microsoft.AspNetCore.Mvc.Infrastructure.ResourceInvoker.<InvokeAsync>g__Awaited|17_0(ResourceInvoker invoker, Task task, IDisposable scope)
   at Microsoft.AspNetCore.Mvc.Infrastructure.ResourceInvoker.<InvokeAsync>g__Awaited|17_0(ResourceInvoker invoker, Task task, IDisposable scope)
   at Microsoft.AspNetCore.Authorization.AuthorizationMiddleware.Invoke(HttpContext context)
   at Swashbuckle.AspNetCore.SwaggerUI.SwaggerUIMiddleware.Invoke(HttpContext httpContext)
   at Swashbuckle.AspNetCore.Swagger.SwaggerMiddleware.Invoke(HttpContext httpContext, ISwaggerProvider swaggerProvider)
   at Serilog.AspNetCore.RequestLoggingMiddleware.Invoke(HttpContext httpContext)
   at Restaurant.API.Middlewares.RequestTimeLoggingMiddleware.InvokeAsync(HttpContext context, RequestDelegate next) in C:\Users\USER\OneDrive\Desktop\VisualStudioFolder\vsPorjects\IndividualProjects\RestaurantProject\Restaurant.API\Middlewares\RequestTimeLoggingMiddleware.cs:line 10
   at Microsoft.AspNetCore.Builder.UseMiddlewareExtensions.InterfaceMiddlewareBinder.<>c__DisplayClass2_0.<<CreateMiddleware>b__0>d.MoveNext()
--- End of stack trace from previous location ---
   at Restaurant.API.Middlewares.ErrorHandlingMiddleware.InvokeAsync(HttpContext context, RequestDelegate next) in C:\Users\USER\OneDrive\Desktop\VisualStudioFolder\vsPorjects\IndividualProjects\RestaurantProject\Restaurant.API\Middlewares\ErrorHandlingMiddleware.cs:line 11
2026-05-27 17:51:59.222 +03:00 [WRN] Sensitive data logging is enabled. Log entries and exception messages may include sensitive application data; this mode should only be enabled during development.
2026-05-27 17:51:59.316 +03:00 [WRN] The entity type 'Address' is an optional dependent using table sharing without any required non shared column that could be used to identify whether the entity exists. If all nullable properties contain a 'null' value in database then an object instance won't be created in the query. Add a required property to create instances with 'null' values for other properties or mark the incoming navigation as required to always create an instance.
2026-05-27 17:51:59.330 +03:00 [WRN] No store type was specified for the decimal property 'Price' on entity type 'Dish'. This will cause values to be silently truncated if they do not fit in the default precision and scale. Explicitly specify the SQL server column type that can accommodate all the values in 'OnModelCreating' using 'HasColumnType', specify precision and scale using 'HasPrecision', or configure a value converter using 'HasConversion'.
2026-05-27 17:51:59.754 +03:00 [INF] Executed DbCommand (31ms) [Parameters=[], CommandType='"Text"', CommandTimeout='30']
SELECT 1
2026-05-27 17:52:00.038 +03:00 [INF] Executed DbCommand (19ms) [Parameters=[], CommandType='"Text"', CommandTimeout='30']
SELECT CASE
    WHEN EXISTS (
        SELECT 1
        FROM [Restaurants] AS [r]) THEN CAST(1 AS bit)
    ELSE CAST(0 AS bit)
END
2026-05-27 17:52:02.058 +03:00 [INF] HTTP GET / responded 404 in 23.7064 ms
2026-05-27 17:52:04.971 +03:00 [INF] HTTP GET /swagger/index.html responded 304 in 95.0071 ms
2026-05-27 17:52:05.019 +03:00 [INF] HTTP GET /swagger/swagger-ui.css responded 304 in 12.5862 ms
2026-05-27 17:52:05.019 +03:00 [INF] HTTP GET /swagger/index.css responded 304 in 12.5859 ms
2026-05-27 17:52:05.021 +03:00 [INF] HTTP GET /swagger/swagger-ui-bundle.js responded 304 in 15.1863 ms
2026-05-27 17:52:05.085 +03:00 [INF] HTTP GET /swagger/swagger-ui-standalone-preset.js responded 304 in 18.7080 ms
2026-05-27 17:52:05.085 +03:00 [INF] HTTP GET /swagger/index.js responded 304 in 0.7043 ms
2026-05-27 17:52:05.342 +03:00 [INF] HTTP GET /swagger/v1/swagger.json responded 200 in 24.0609 ms
2026-05-27 17:52:13.194 +03:00 [WRN] You do not have a valid license key for the Lucky Penny software MediatR. This is allowed for development and testing scenarios. If you are running in production you are required to have a licensed version. Please visit https://luckypennysoftware.com to obtain a valid license.
2026-05-27 17:52:24.323 +03:00 [WRN] Removing all dishes from restaurant: 77
2026-05-27 17:52:39.502 +03:00 [INF] HTTP DELETE /api/restaurants/77/Dishes/delete responded 204 in 26350.4767 ms
2026-05-27 17:52:39.504 +03:00 [INF] Executed DbCommand (14,959ms) [Parameters=[@id='77'], CommandType='"Text"', CommandTimeout='30']
SELECT [r0].[Id], [r0].[Category], [r0].[ContactEmail], [r0].[ContactNumber], [r0].[Description], [r0].[HasDelivery], [r0].[Name], [r0].[Address_City], [r0].[Address_PostalCode], [r0].[Address_Street], [d].[Id], [d].[Description], [d].[KiloCalories], [d].[Name], [d].[Price], [d].[RestaurantId]
FROM (
    SELECT TOP(1) [r].[Id], [r].[Category], [r].[ContactEmail], [r].[ContactNumber], [r].[Description], [r].[HasDelivery], [r].[Name], [r].[Address_City], [r].[Address_PostalCode], [r].[Address_Street]
    FROM [Restaurants] AS [r]
    WHERE [r].[Id] = @id
) AS [r0]
LEFT JOIN [Dishes] AS [d] ON [r0].[Id] = [d].[RestaurantId]
ORDER BY [r0].[Id]
2026-05-27 17:52:39.509 +03:00 [INF] Request [DELETE] at /api/restaurants/77/Dishes/delete took 26355 ms
2026-05-27 17:54:02.592 +03:00 [WRN] Sensitive data logging is enabled. Log entries and exception messages may include sensitive application data; this mode should only be enabled during development.
2026-05-27 17:54:02.682 +03:00 [WRN] The entity type 'Address' is an optional dependent using table sharing without any required non shared column that could be used to identify whether the entity exists. If all nullable properties contain a 'null' value in database then an object instance won't be created in the query. Add a required property to create instances with 'null' values for other properties or mark the incoming navigation as required to always create an instance.
2026-05-27 17:54:02.694 +03:00 [WRN] No store type was specified for the decimal property 'Price' on entity type 'Dish'. This will cause values to be silently truncated if they do not fit in the default precision and scale. Explicitly specify the SQL server column type that can accommodate all the values in 'OnModelCreating' using 'HasColumnType', specify precision and scale using 'HasPrecision', or configure a value converter using 'HasConversion'.
2026-05-27 17:54:03.119 +03:00 [INF] Executed DbCommand (31ms) [Parameters=[], CommandType='"Text"', CommandTimeout='30']
SELECT 1
2026-05-27 17:54:03.400 +03:00 [INF] Executed DbCommand (18ms) [Parameters=[], CommandType='"Text"', CommandTimeout='30']
SELECT CASE
    WHEN EXISTS (
        SELECT 1
        FROM [Restaurants] AS [r]) THEN CAST(1 AS bit)
    ELSE CAST(0 AS bit)
END
2026-05-27 17:54:05.383 +03:00 [INF] HTTP GET / responded 404 in 22.3725 ms
2026-05-27 17:54:32.954 +03:00 [INF] HTTP GET /swagger/index.html responded 304 in 66.1336 ms
2026-05-27 17:54:32.985 +03:00 [INF] HTTP GET /swagger/swagger-ui.css responded 304 in 8.8521 ms
2026-05-27 17:54:32.985 +03:00 [INF] HTTP GET /swagger/index.css responded 304 in 8.8584 ms
2026-05-27 17:54:32.988 +03:00 [INF] HTTP GET /swagger/swagger-ui-bundle.js responded 304 in 11.9319 ms
2026-05-27 17:54:33.030 +03:00 [INF] HTTP GET /swagger/swagger-ui-standalone-preset.js responded 304 in 11.9076 ms
2026-05-27 17:54:33.030 +03:00 [INF] HTTP GET /swagger/index.js responded 304 in 0.4138 ms
2026-05-27 17:54:33.220 +03:00 [INF] HTTP GET /swagger/v1/swagger.json responded 200 in 28.4289 ms
2026-05-27 17:54:43.400 +03:00 [WRN] You do not have a valid license key for the Lucky Penny software MediatR. This is allowed for development and testing scenarios. If you are running in production you are required to have a licensed version. Please visit https://luckypennysoftware.com to obtain a valid license.
2026-05-27 17:55:02.826 +03:00 [WRN] Removing all dishes from restaurant: 112
2026-05-27 17:55:30.729 +03:00 [INF] HTTP DELETE /api/restaurants/112/Dishes/delete responded 204 in 47367.8320 ms
2026-05-27 17:55:30.731 +03:00 [INF] Executed DbCommand (27,657ms) [Parameters=[@id='112'], CommandType='"Text"', CommandTimeout='30']
SELECT [r0].[Id], [r0].[Category], [r0].[ContactEmail], [r0].[ContactNumber], [r0].[Description], [r0].[HasDelivery], [r0].[Name], [r0].[Address_City], [r0].[Address_PostalCode], [r0].[Address_Street], [d].[Id], [d].[Description], [d].[KiloCalories], [d].[Name], [d].[Price], [d].[RestaurantId]
FROM (
    SELECT TOP(1) [r].[Id], [r].[Category], [r].[ContactEmail], [r].[ContactNumber], [r].[Description], [r].[HasDelivery], [r].[Name], [r].[Address_City], [r].[Address_PostalCode], [r].[Address_Street]
    FROM [Restaurants] AS [r]
    WHERE [r].[Id] = @id
) AS [r0]
LEFT JOIN [Dishes] AS [d] ON [r0].[Id] = [d].[RestaurantId]
ORDER BY [r0].[Id]
2026-05-27 17:55:30.736 +03:00 [INF] Request [DELETE] at /api/restaurants/112/Dishes/delete took 47372 ms
2026-05-27 17:58:37.955 +03:00 [WRN] Sensitive data logging is enabled. Log entries and exception messages may include sensitive application data; this mode should only be enabled during development.
2026-05-27 17:58:38.062 +03:00 [WRN] The entity type 'Address' is an optional dependent using table sharing without any required non shared column that could be used to identify whether the entity exists. If all nullable properties contain a 'null' value in database then an object instance won't be created in the query. Add a required property to create instances with 'null' values for other properties or mark the incoming navigation as required to always create an instance.
2026-05-27 17:58:38.078 +03:00 [WRN] No store type was specified for the decimal property 'Price' on entity type 'Dish'. This will cause values to be silently truncated if they do not fit in the default precision and scale. Explicitly specify the SQL server column type that can accommodate all the values in 'OnModelCreating' using 'HasColumnType', specify precision and scale using 'HasPrecision', or configure a value converter using 'HasConversion'.
2026-05-27 17:58:38.619 +03:00 [INF] Executed DbCommand (75ms) [Parameters=[], CommandType='"Text"', CommandTimeout='30']
SELECT 1
2026-05-27 17:58:39.020 +03:00 [INF] Executed DbCommand (21ms) [Parameters=[], CommandType='"Text"', CommandTimeout='30']
SELECT CASE
    WHEN EXISTS (
        SELECT 1
        FROM [Restaurants] AS [r]) THEN CAST(1 AS bit)
    ELSE CAST(0 AS bit)
END
2026-05-27 17:58:41.064 +03:00 [INF] HTTP GET / responded 404 in 23.8270 ms
2026-05-27 17:58:44.278 +03:00 [INF] HTTP GET /swagger/index.html responded 304 in 105.5014 ms
2026-05-27 17:58:44.320 +03:00 [INF] HTTP GET /swagger/index.css responded 304 in 9.9843 ms
2026-05-27 17:58:44.320 +03:00 [INF] HTTP GET /swagger/swagger-ui.css responded 304 in 9.9978 ms
2026-05-27 17:58:44.325 +03:00 [INF] HTTP GET /swagger/swagger-ui-bundle.js responded 304 in 14.4893 ms
2026-05-27 17:58:44.382 +03:00 [INF] HTTP GET /swagger/swagger-ui-standalone-preset.js responded 304 in 16.0483 ms
2026-05-27 17:58:44.382 +03:00 [INF] HTTP GET /swagger/index.js responded 304 in 0.8191 ms
2026-05-27 17:58:44.576 +03:00 [INF] HTTP GET /swagger/v1/swagger.json responded 200 in 22.2722 ms
2026-05-27 17:58:54.501 +03:00 [WRN] You do not have a valid license key for the Lucky Penny software MediatR. This is allowed for development and testing scenarios. If you are running in production you are required to have a licensed version. Please visit https://luckypennysoftware.com to obtain a valid license.
2026-05-27 17:58:57.742 +03:00 [WRN] Removing all dishes from restaurant: 441
2026-05-27 17:58:58.089 +03:00 [INF] HTTP DELETE /api/restaurants/441/Dishes/delete responded 204 in 3633.8502 ms
2026-05-27 17:58:58.091 +03:00 [INF] Executed DbCommand (37ms) [Parameters=[@id='441'], CommandType='"Text"', CommandTimeout='30']
SELECT [r0].[Id], [r0].[Category], [r0].[ContactEmail], [r0].[ContactNumber], [r0].[Description], [r0].[HasDelivery], [r0].[Name], [r0].[Address_City], [r0].[Address_PostalCode], [r0].[Address_Street], [d].[Id], [d].[Description], [d].[KiloCalories], [d].[Name], [d].[Price], [d].[RestaurantId]
FROM (
    SELECT TOP(1) [r].[Id], [r].[Category], [r].[ContactEmail], [r].[ContactNumber], [r].[Description], [r].[HasDelivery], [r].[Name], [r].[Address_City], [r].[Address_PostalCode], [r].[Address_Street]
    FROM [Restaurants] AS [r]
    WHERE [r].[Id] = @id
) AS [r0]
LEFT JOIN [Dishes] AS [d] ON [r0].[Id] = [d].[RestaurantId]
ORDER BY [r0].[Id]
2026-05-27 17:58:58.131 +03:00 [ERR] An exception occurred while iterating over the results of a query for context type 'Restaurant.Infrastructure.Contexts.AppDbContext'.
System.ObjectDisposedException: Cannot access a disposed context instance. A common cause of this error is disposing a context instance that was resolved from dependency injection and then later trying to use the same context instance elsewhere in your application. This may occur if you are calling 'Dispose' on the context instance, or wrapping it in a using statement. If you are using dependency injection, you should let the dependency injection container take care of disposing context instances.
Object name: 'AppDbContext'.
   at Microsoft.EntityFrameworkCore.DbContext.CheckDisposed()
   at Microsoft.EntityFrameworkCore.DbContext.get_DbContextDependencies()
   at Microsoft.EntityFrameworkCore.DbContext.Microsoft.EntityFrameworkCore.Internal.IDbContextDependencies.get_StateManager()
   at Microsoft.EntityFrameworkCore.Query.QueryContextDependencies.get_StateManager()
   at Microsoft.EntityFrameworkCore.Query.QueryContext.InitializeStateManager(Boolean standAlone)
   at Microsoft.EntityFrameworkCore.Query.Internal.SingleQueryingEnumerable`1.AsyncEnumerator.InitializeReaderAsync(AsyncEnumerator enumerator, CancellationToken cancellationToken)
   at Microsoft.EntityFrameworkCore.SqlServer.Storage.Internal.SqlServerExecutionStrategy.ExecuteAsync[TState,TResult](TState state, Func`4 operation, Func`4 verifySucceeded, CancellationToken cancellationToken)
   at Microsoft.EntityFrameworkCore.Query.Internal.SingleQueryingEnumerable`1.AsyncEnumerator.MoveNextAsync()
System.ObjectDisposedException: Cannot access a disposed context instance. A common cause of this error is disposing a context instance that was resolved from dependency injection and then later trying to use the same context instance elsewhere in your application. This may occur if you are calling 'Dispose' on the context instance, or wrapping it in a using statement. If you are using dependency injection, you should let the dependency injection container take care of disposing context instances.
Object name: 'AppDbContext'.
   at Microsoft.EntityFrameworkCore.DbContext.CheckDisposed()
   at Microsoft.EntityFrameworkCore.DbContext.get_DbContextDependencies()
   at Microsoft.EntityFrameworkCore.DbContext.Microsoft.EntityFrameworkCore.Internal.IDbContextDependencies.get_StateManager()
   at Microsoft.EntityFrameworkCore.Query.QueryContextDependencies.get_StateManager()
   at Microsoft.EntityFrameworkCore.Query.QueryContext.InitializeStateManager(Boolean standAlone)
   at Microsoft.EntityFrameworkCore.Query.Internal.SingleQueryingEnumerable`1.AsyncEnumerator.InitializeReaderAsync(AsyncEnumerator enumerator, CancellationToken cancellationToken)
   at Microsoft.EntityFrameworkCore.SqlServer.Storage.Internal.SqlServerExecutionStrategy.ExecuteAsync[TState,TResult](TState state, Func`4 operation, Func`4 verifySucceeded, CancellationToken cancellationToken)
   at Microsoft.EntityFrameworkCore.Query.Internal.SingleQueryingEnumerable`1.AsyncEnumerator.MoveNextAsync()
2026-05-27 17:59:46.638 +03:00 [WRN] Removing all dishes from restaurant: 441
2026-05-27 17:59:54.666 +03:00 [INF] Executed DbCommand (2ms) [Parameters=[@id='441'], CommandType='"Text"', CommandTimeout='30']
SELECT [r0].[Id], [r0].[Category], [r0].[ContactEmail], [r0].[ContactNumber], [r0].[Description], [r0].[HasDelivery], [r0].[Name], [r0].[Address_City], [r0].[Address_PostalCode], [r0].[Address_Street], [d].[Id], [d].[Description], [d].[KiloCalories], [d].[Name], [d].[Price], [d].[RestaurantId]
FROM (
    SELECT TOP(1) [r].[Id], [r].[Category], [r].[ContactEmail], [r].[ContactNumber], [r].[Description], [r].[HasDelivery], [r].[Name], [r].[Address_City], [r].[Address_PostalCode], [r].[Address_Street]
    FROM [Restaurants] AS [r]
    WHERE [r].[Id] = @id
) AS [r0]
LEFT JOIN [Dishes] AS [d] ON [r0].[Id] = [d].[RestaurantId]
ORDER BY [r0].[Id]
2026-05-27 17:59:54.685 +03:00 [INF] HTTP DELETE /api/restaurants/441/Dishes/delete responded 204 in 32558.5521 ms
2026-05-27 17:59:54.693 +03:00 [INF] Request [DELETE] at /api/restaurants/441/Dishes/delete took 32567 ms
2026-05-27 18:01:52.498 +03:00 [WRN] Sensitive data logging is enabled. Log entries and exception messages may include sensitive application data; this mode should only be enabled during development.
2026-05-27 18:01:52.607 +03:00 [WRN] The entity type 'Address' is an optional dependent using table sharing without any required non shared column that could be used to identify whether the entity exists. If all nullable properties contain a 'null' value in database then an object instance won't be created in the query. Add a required property to create instances with 'null' values for other properties or mark the incoming navigation as required to always create an instance.
2026-05-27 18:01:52.622 +03:00 [WRN] No store type was specified for the decimal property 'Price' on entity type 'Dish'. This will cause values to be silently truncated if they do not fit in the default precision and scale. Explicitly specify the SQL server column type that can accommodate all the values in 'OnModelCreating' using 'HasColumnType', specify precision and scale using 'HasPrecision', or configure a value converter using 'HasConversion'.
2026-05-27 18:01:53.031 +03:00 [INF] Executed DbCommand (29ms) [Parameters=[], CommandType='"Text"', CommandTimeout='30']
SELECT 1
2026-05-27 18:01:53.345 +03:00 [INF] Executed DbCommand (18ms) [Parameters=[], CommandType='"Text"', CommandTimeout='30']
SELECT CASE
    WHEN EXISTS (
        SELECT 1
        FROM [Restaurants] AS [r]) THEN CAST(1 AS bit)
    ELSE CAST(0 AS bit)
END
2026-05-27 18:01:55.320 +03:00 [INF] HTTP GET / responded 404 in 23.2870 ms
2026-05-27 18:01:58.247 +03:00 [INF] HTTP GET /swagger/index.html responded 304 in 99.5059 ms
2026-05-27 18:01:58.301 +03:00 [INF] HTTP GET /swagger/index.css responded 304 in 16.5200 ms
2026-05-27 18:01:58.301 +03:00 [INF] HTTP GET /swagger/swagger-ui.css responded 304 in 16.5200 ms
2026-05-27 18:01:58.304 +03:00 [INF] HTTP GET /swagger/swagger-ui-bundle.js responded 304 in 19.5557 ms
2026-05-27 18:01:58.380 +03:00 [INF] HTTP GET /swagger/swagger-ui-standalone-preset.js responded 304 in 21.1152 ms
2026-05-27 18:01:58.381 +03:00 [INF] HTTP GET /swagger/index.js responded 304 in 0.6810 ms
2026-05-27 18:01:58.634 +03:00 [INF] HTTP GET /swagger/v1/swagger.json responded 200 in 26.7783 ms
2026-05-27 18:02:13.373 +03:00 [WRN] You do not have a valid license key for the Lucky Penny software MediatR. This is allowed for development and testing scenarios. If you are running in production you are required to have a licensed version. Please visit https://luckypennysoftware.com to obtain a valid license.
2026-05-27 18:02:17.005 +03:00 [WRN] Removing all dishes from restaurant: 7
2026-05-27 18:02:17.238 +03:00 [INF] HTTP DELETE /api/restaurants/7/Dishes/delete responded 204 in 3916.1617 ms
2026-05-27 18:02:17.242 +03:00 [INF] Executed DbCommand (35ms) [Parameters=[@id='7'], CommandType='"Text"', CommandTimeout='30']
SELECT [r0].[Id], [r0].[Category], [r0].[ContactEmail], [r0].[ContactNumber], [r0].[Description], [r0].[HasDelivery], [r0].[Name], [r0].[Address_City], [r0].[Address_PostalCode], [r0].[Address_Street], [d].[Id], [d].[Description], [d].[KiloCalories], [d].[Name], [d].[Price], [d].[RestaurantId]
FROM (
    SELECT TOP(1) [r].[Id], [r].[Category], [r].[ContactEmail], [r].[ContactNumber], [r].[Description], [r].[HasDelivery], [r].[Name], [r].[Address_City], [r].[Address_PostalCode], [r].[Address_Street]
    FROM [Restaurants] AS [r]
    WHERE [r].[Id] = @id
) AS [r0]
LEFT JOIN [Dishes] AS [d] ON [r0].[Id] = [d].[RestaurantId]
ORDER BY [r0].[Id]
2026-05-27 18:02:17.263 +03:00 [ERR] An exception occurred while iterating over the results of a query for context type 'Restaurant.Infrastructure.Contexts.AppDbContext'.
System.ObjectDisposedException: Cannot access a disposed context instance. A common cause of this error is disposing a context instance that was resolved from dependency injection and then later trying to use the same context instance elsewhere in your application. This may occur if you are calling 'Dispose' on the context instance, or wrapping it in a using statement. If you are using dependency injection, you should let the dependency injection container take care of disposing context instances.
Object name: 'AppDbContext'.
   at Microsoft.EntityFrameworkCore.DbContext.CheckDisposed()
   at Microsoft.EntityFrameworkCore.DbContext.get_DbContextDependencies()
   at Microsoft.EntityFrameworkCore.DbContext.Microsoft.EntityFrameworkCore.Internal.IDbContextDependencies.get_StateManager()
   at Microsoft.EntityFrameworkCore.Query.QueryContextDependencies.get_StateManager()
   at Microsoft.EntityFrameworkCore.Query.QueryContext.InitializeStateManager(Boolean standAlone)
   at Microsoft.EntityFrameworkCore.Query.Internal.SingleQueryingEnumerable`1.AsyncEnumerator.InitializeReaderAsync(AsyncEnumerator enumerator, CancellationToken cancellationToken)
   at Microsoft.EntityFrameworkCore.SqlServer.Storage.Internal.SqlServerExecutionStrategy.ExecuteAsync[TState,TResult](TState state, Func`4 operation, Func`4 verifySucceeded, CancellationToken cancellationToken)
   at Microsoft.EntityFrameworkCore.Query.Internal.SingleQueryingEnumerable`1.AsyncEnumerator.MoveNextAsync()
System.ObjectDisposedException: Cannot access a disposed context instance. A common cause of this error is disposing a context instance that was resolved from dependency injection and then later trying to use the same context instance elsewhere in your application. This may occur if you are calling 'Dispose' on the context instance, or wrapping it in a using statement. If you are using dependency injection, you should let the dependency injection container take care of disposing context instances.
Object name: 'AppDbContext'.
   at Microsoft.EntityFrameworkCore.DbContext.CheckDisposed()
   at Microsoft.EntityFrameworkCore.DbContext.get_DbContextDependencies()
   at Microsoft.EntityFrameworkCore.DbContext.Microsoft.EntityFrameworkCore.Internal.IDbContextDependencies.get_StateManager()
   at Microsoft.EntityFrameworkCore.Query.QueryContextDependencies.get_StateManager()
   at Microsoft.EntityFrameworkCore.Query.QueryContext.InitializeStateManager(Boolean standAlone)
   at Microsoft.EntityFrameworkCore.Query.Internal.SingleQueryingEnumerable`1.AsyncEnumerator.InitializeReaderAsync(AsyncEnumerator enumerator, CancellationToken cancellationToken)
   at Microsoft.EntityFrameworkCore.SqlServer.Storage.Internal.SqlServerExecutionStrategy.ExecuteAsync[TState,TResult](TState state, Func`4 operation, Func`4 verifySucceeded, CancellationToken cancellationToken)
   at Microsoft.EntityFrameworkCore.Query.Internal.SingleQueryingEnumerable`1.AsyncEnumerator.MoveNextAsync()
2026-05-27 18:02:30.788 +03:00 [INF] Getting All restaurants
2026-05-27 18:02:30.889 +03:00 [INF] Executed DbCommand (3ms) [Parameters=[], CommandType='"Text"', CommandTimeout='30']
SELECT [r].[Id], [r].[Category], [r].[ContactEmail], [r].[ContactNumber], [r].[Description], [r].[HasDelivery], [r].[Name], [r].[Address_City], [r].[Address_PostalCode], [r].[Address_Street], [d].[Id], [d].[Description], [d].[KiloCalories], [d].[Name], [d].[Price], [d].[RestaurantId]
FROM [Restaurants] AS [r]
LEFT JOIN [Dishes] AS [d] ON [r].[Id] = [d].[RestaurantId]
ORDER BY [r].[Id]
2026-05-27 18:02:31.040 +03:00 [INF] HTTP GET /api/Restaurants/get-all responded 200 in 350.0206 ms
2026-05-27 18:03:53.078 +03:00 [WRN] Removing all dishes from restaurant: 7
2026-05-27 18:04:01.684 +03:00 [INF] Executed DbCommand (16ms) [Parameters=[@id='7'], CommandType='"Text"', CommandTimeout='30']
SELECT [r0].[Id], [r0].[Category], [r0].[ContactEmail], [r0].[ContactNumber], [r0].[Description], [r0].[HasDelivery], [r0].[Name], [r0].[Address_City], [r0].[Address_PostalCode], [r0].[Address_Street], [d].[Id], [d].[Description], [d].[KiloCalories], [d].[Name], [d].[Price], [d].[RestaurantId]
FROM (
    SELECT TOP(1) [r].[Id], [r].[Category], [r].[ContactEmail], [r].[ContactNumber], [r].[Description], [r].[HasDelivery], [r].[Name], [r].[Address_City], [r].[Address_PostalCode], [r].[Address_Street]
    FROM [Restaurants] AS [r]
    WHERE [r].[Id] = @id
) AS [r0]
LEFT JOIN [Dishes] AS [d] ON [r0].[Id] = [d].[RestaurantId]
ORDER BY [r0].[Id]
2026-05-27 18:04:03.525 +03:00 [INF] HTTP DELETE /api/restaurants/7/Dishes/delete responded 204 in 18339.3757 ms
2026-05-27 18:04:04.878 +03:00 [INF] Request [DELETE] at /api/restaurants/7/Dishes/delete took 18347 ms
2026-05-27 18:04:10.851 +03:00 [INF] Getting All restaurants
2026-05-27 18:04:10.876 +03:00 [INF] Executed DbCommand (7ms) [Parameters=[], CommandType='"Text"', CommandTimeout='30']
SELECT [r].[Id], [r].[Category], [r].[ContactEmail], [r].[ContactNumber], [r].[Description], [r].[HasDelivery], [r].[Name], [r].[Address_City], [r].[Address_PostalCode], [r].[Address_Street], [d].[Id], [d].[Description], [d].[KiloCalories], [d].[Name], [d].[Price], [d].[RestaurantId]
FROM [Restaurants] AS [r]
LEFT JOIN [Dishes] AS [d] ON [r].[Id] = [d].[RestaurantId]
ORDER BY [r].[Id]
2026-05-27 18:04:10.886 +03:00 [INF] HTTP GET /api/Restaurants/get-all responded 200 in 35.9921 ms
2026-05-27 18:04:35.487 +03:00 [WRN] Removing all dishes from restaurant: 7
2026-05-27 18:04:42.952 +03:00 [INF] HTTP DELETE /api/restaurants/7/Dishes/delete responded 204 in 23661.3768 ms
2026-05-27 18:04:42.952 +03:00 [INF] Executed DbCommand (21ms) [Parameters=[@id='7'], CommandType='"Text"', CommandTimeout='30']
SELECT [r0].[Id], [r0].[Category], [r0].[ContactEmail], [r0].[ContactNumber], [r0].[Description], [r0].[HasDelivery], [r0].[Name], [r0].[Address_City], [r0].[Address_PostalCode], [r0].[Address_Street], [d].[Id], [d].[Description], [d].[KiloCalories], [d].[Name], [d].[Price], [d].[RestaurantId]
FROM (
    SELECT TOP(1) [r].[Id], [r].[Category], [r].[ContactEmail], [r].[ContactNumber], [r].[Description], [r].[HasDelivery], [r].[Name], [r].[Address_City], [r].[Address_PostalCode], [r].[Address_Street]
    FROM [Restaurants] AS [r]
    WHERE [r].[Id] = @id
) AS [r0]
LEFT JOIN [Dishes] AS [d] ON [r0].[Id] = [d].[RestaurantId]
ORDER BY [r0].[Id]
2026-05-27 18:04:42.957 +03:00 [INF] Request [DELETE] at /api/restaurants/7/Dishes/delete took 23666 ms
2026-05-27 18:07:00.144 +03:00 [WRN] Removing all dishes from restaurant: 7
2026-05-27 18:07:00.171 +03:00 [INF] Executed DbCommand (17ms) [Parameters=[@id='7'], CommandType='"Text"', CommandTimeout='30']
SELECT [r0].[Id], [r0].[Category], [r0].[ContactEmail], [r0].[ContactNumber], [r0].[Description], [r0].[HasDelivery], [r0].[Name], [r0].[Address_City], [r0].[Address_PostalCode], [r0].[Address_Street], [d].[Id], [d].[Description], [d].[KiloCalories], [d].[Name], [d].[Price], [d].[RestaurantId]
FROM (
    SELECT TOP(1) [r].[Id], [r].[Category], [r].[ContactEmail], [r].[ContactNumber], [r].[Description], [r].[HasDelivery], [r].[Name], [r].[Address_City], [r].[Address_PostalCode], [r].[Address_Street]
    FROM [Restaurants] AS [r]
    WHERE [r].[Id] = @id
) AS [r0]
LEFT JOIN [Dishes] AS [d] ON [r0].[Id] = [d].[RestaurantId]
ORDER BY [r0].[Id]
2026-05-27 18:07:05.167 +03:00 [INF] HTTP DELETE /api/restaurants/7/Dishes/delete responded 204 in 93877.4700 ms
2026-05-27 18:07:19.165 +03:00 [INF] Request [DELETE] at /api/restaurants/7/Dishes/delete took 107875 ms
2026-05-27 18:08:12.878 +03:00 [INF] Getting All restaurants
2026-05-27 18:08:12.888 +03:00 [INF] Executed DbCommand (6ms) [Parameters=[], CommandType='"Text"', CommandTimeout='30']
SELECT [r].[Id], [r].[Category], [r].[ContactEmail], [r].[ContactNumber], [r].[Description], [r].[HasDelivery], [r].[Name], [r].[Address_City], [r].[Address_PostalCode], [r].[Address_Street], [d].[Id], [d].[Description], [d].[KiloCalories], [d].[Name], [d].[Price], [d].[RestaurantId]
FROM [Restaurants] AS [r]
LEFT JOIN [Dishes] AS [d] ON [r].[Id] = [d].[RestaurantId]
ORDER BY [r].[Id]
2026-05-27 18:08:12.898 +03:00 [INF] HTTP GET /api/Restaurants/get-all responded 200 in 31.6333 ms
2026-05-27 18:08:33.491 +03:00 [INF] Getting dishes of restaurant : 7
2026-05-27 18:08:33.501 +03:00 [INF] Executed DbCommand (7ms) [Parameters=[@id='7'], CommandType='"Text"', CommandTimeout='30']
SELECT [r0].[Id], [r0].[Category], [r0].[ContactEmail], [r0].[ContactNumber], [r0].[Description], [r0].[HasDelivery], [r0].[Name], [r0].[Address_City], [r0].[Address_PostalCode], [r0].[Address_Street], [d].[Id], [d].[Description], [d].[KiloCalories], [d].[Name], [d].[Price], [d].[RestaurantId]
FROM (
    SELECT TOP(1) [r].[Id], [r].[Category], [r].[ContactEmail], [r].[ContactNumber], [r].[Description], [r].[HasDelivery], [r].[Name], [r].[Address_City], [r].[Address_PostalCode], [r].[Address_Street]
    FROM [Restaurants] AS [r]
    WHERE [r].[Id] = @id
) AS [r0]
LEFT JOIN [Dishes] AS [d] ON [r0].[Id] = [d].[RestaurantId]
ORDER BY [r0].[Id]
2026-05-27 18:08:33.513 +03:00 [INF] HTTP GET /api/restaurants/7/Dishes responded 200 in 36.4602 ms
2026-05-27 18:09:18.510 +03:00 [WRN] Sensitive data logging is enabled. Log entries and exception messages may include sensitive application data; this mode should only be enabled during development.
2026-05-27 18:09:18.634 +03:00 [WRN] The entity type 'Address' is an optional dependent using table sharing without any required non shared column that could be used to identify whether the entity exists. If all nullable properties contain a 'null' value in database then an object instance won't be created in the query. Add a required property to create instances with 'null' values for other properties or mark the incoming navigation as required to always create an instance.
2026-05-27 18:09:18.650 +03:00 [WRN] No store type was specified for the decimal property 'Price' on entity type 'Dish'. This will cause values to be silently truncated if they do not fit in the default precision and scale. Explicitly specify the SQL server column type that can accommodate all the values in 'OnModelCreating' using 'HasColumnType', specify precision and scale using 'HasPrecision', or configure a value converter using 'HasConversion'.
2026-05-27 18:09:19.123 +03:00 [INF] Executed DbCommand (35ms) [Parameters=[], CommandType='"Text"', CommandTimeout='30']
SELECT 1
2026-05-27 18:09:19.432 +03:00 [INF] Executed DbCommand (15ms) [Parameters=[], CommandType='"Text"', CommandTimeout='30']
SELECT CASE
    WHEN EXISTS (
        SELECT 1
        FROM [Restaurants] AS [r]) THEN CAST(1 AS bit)
    ELSE CAST(0 AS bit)
END
2026-05-27 18:09:21.664 +03:00 [INF] HTTP GET / responded 404 in 27.8180 ms
2026-05-27 18:09:27.398 +03:00 [INF] HTTP GET /swagger/index.html responded 304 in 76.5975 ms
2026-05-27 18:09:27.430 +03:00 [INF] HTTP GET /swagger/swagger-ui.css responded 304 in 8.6465 ms
2026-05-27 18:09:27.430 +03:00 [INF] HTTP GET /swagger/index.css responded 304 in 8.6630 ms
2026-05-27 18:09:27.433 +03:00 [INF] HTTP GET /swagger/swagger-ui-bundle.js responded 304 in 11.7188 ms
2026-05-27 18:09:27.475 +03:00 [INF] HTTP GET /swagger/swagger-ui-standalone-preset.js responded 304 in 13.4589 ms
2026-05-27 18:09:27.475 +03:00 [INF] HTTP GET /swagger/index.js responded 304 in 0.6817 ms
2026-05-27 18:09:27.748 +03:00 [INF] HTTP GET /swagger/v1/swagger.json responded 200 in 24.5878 ms
2026-05-27 18:09:40.188 +03:00 [WRN] You do not have a valid license key for the Lucky Penny software MediatR. This is allowed for development and testing scenarios. If you are running in production you are required to have a licensed version. Please visit https://luckypennysoftware.com to obtain a valid license.
2026-05-27 18:09:40.325 +03:00 [INF] Getting dishes of restaurant : 7
2026-05-27 18:09:40.624 +03:00 [INF] Executed DbCommand (48ms) [Parameters=[@id='7'], CommandType='"Text"', CommandTimeout='30']
SELECT [r0].[Id], [r0].[Category], [r0].[ContactEmail], [r0].[ContactNumber], [r0].[Description], [r0].[HasDelivery], [r0].[Name], [r0].[Address_City], [r0].[Address_PostalCode], [r0].[Address_Street], [d].[Id], [d].[Description], [d].[KiloCalories], [d].[Name], [d].[Price], [d].[RestaurantId]
FROM (
    SELECT TOP(1) [r].[Id], [r].[Category], [r].[ContactEmail], [r].[ContactNumber], [r].[Description], [r].[HasDelivery], [r].[Name], [r].[Address_City], [r].[Address_PostalCode], [r].[Address_Street]
    FROM [Restaurants] AS [r]
    WHERE [r].[Id] = @id
) AS [r0]
LEFT JOIN [Dishes] AS [d] ON [r0].[Id] = [d].[RestaurantId]
ORDER BY [r0].[Id]
2026-05-27 18:09:40.825 +03:00 [INF] HTTP GET /api/restaurants/7/Dishes responded 200 in 681.6577 ms
2026-05-27 18:10:01.189 +03:00 [WRN] Removing all dishes from restaurant: 7
2026-05-27 18:10:01.272 +03:00 [INF] Executed DbCommand (1ms) [Parameters=[@id='7'], CommandType='"Text"', CommandTimeout='30']
SELECT [r0].[Id], [r0].[Category], [r0].[ContactEmail], [r0].[ContactNumber], [r0].[Description], [r0].[HasDelivery], [r0].[Name], [r0].[Address_City], [r0].[Address_PostalCode], [r0].[Address_Street], [d].[Id], [d].[Description], [d].[KiloCalories], [d].[Name], [d].[Price], [d].[RestaurantId]
FROM (
    SELECT TOP(1) [r].[Id], [r].[Category], [r].[ContactEmail], [r].[ContactNumber], [r].[Description], [r].[HasDelivery], [r].[Name], [r].[Address_City], [r].[Address_PostalCode], [r].[Address_Street]
    FROM [Restaurants] AS [r]
    WHERE [r].[Id] = @id
) AS [r0]
LEFT JOIN [Dishes] AS [d] ON [r0].[Id] = [d].[RestaurantId]
ORDER BY [r0].[Id]
2026-05-27 18:10:01.274 +03:00 [INF] HTTP DELETE /api/restaurants/7/Dishes/delete responded 204 in 7273.8197 ms
2026-05-27 18:10:13.894 +03:00 [INF] Request [DELETE] at /api/restaurants/7/Dishes/delete took 19890 ms
2026-05-27 18:10:27.749 +03:00 [INF] Getting dishes of restaurant : 7
2026-05-27 18:10:27.758 +03:00 [INF] Executed DbCommand (1ms) [Parameters=[@id='7'], CommandType='"Text"', CommandTimeout='30']
SELECT [r0].[Id], [r0].[Category], [r0].[ContactEmail], [r0].[ContactNumber], [r0].[Description], [r0].[HasDelivery], [r0].[Name], [r0].[Address_City], [r0].[Address_PostalCode], [r0].[Address_Street], [d].[Id], [d].[Description], [d].[KiloCalories], [d].[Name], [d].[Price], [d].[RestaurantId]
FROM (
    SELECT TOP(1) [r].[Id], [r].[Category], [r].[ContactEmail], [r].[ContactNumber], [r].[Description], [r].[HasDelivery], [r].[Name], [r].[Address_City], [r].[Address_PostalCode], [r].[Address_Street]
    FROM [Restaurants] AS [r]
    WHERE [r].[Id] = @id
) AS [r0]
LEFT JOIN [Dishes] AS [d] ON [r0].[Id] = [d].[RestaurantId]
ORDER BY [r0].[Id]
2026-05-27 18:10:27.765 +03:00 [INF] HTTP GET /api/restaurants/7/Dishes responded 200 in 35.7400 ms
2026-05-27 18:12:40.102 +03:00 [WRN] Sensitive data logging is enabled. Log entries and exception messages may include sensitive application data; this mode should only be enabled during development.
2026-05-27 18:12:40.188 +03:00 [WRN] The entity type 'Address' is an optional dependent using table sharing without any required non shared column that could be used to identify whether the entity exists. If all nullable properties contain a 'null' value in database then an object instance won't be created in the query. Add a required property to create instances with 'null' values for other properties or mark the incoming navigation as required to always create an instance.
2026-05-27 18:12:40.204 +03:00 [WRN] No store type was specified for the decimal property 'Price' on entity type 'Dish'. This will cause values to be silently truncated if they do not fit in the default precision and scale. Explicitly specify the SQL server column type that can accommodate all the values in 'OnModelCreating' using 'HasColumnType', specify precision and scale using 'HasPrecision', or configure a value converter using 'HasConversion'.
2026-05-27 18:12:40.584 +03:00 [INF] Executed DbCommand (27ms) [Parameters=[], CommandType='"Text"', CommandTimeout='30']
SELECT 1
2026-05-27 18:12:40.906 +03:00 [INF] Executed DbCommand (21ms) [Parameters=[], CommandType='"Text"', CommandTimeout='30']
SELECT CASE
    WHEN EXISTS (
        SELECT 1
        FROM [Restaurants] AS [r]) THEN CAST(1 AS bit)
    ELSE CAST(0 AS bit)
END
2026-05-27 18:12:42.536 +03:00 [INF] HTTP GET / responded 404 in 20.4012 ms
2026-05-27 18:13:18.957 +03:00 [INF] HTTP GET /swagger/index.html responded 304 in 73.9807 ms
2026-05-27 18:13:19.001 +03:00 [INF] HTTP GET /swagger/swagger-ui.css responded 304 in 8.8742 ms
2026-05-27 18:13:19.001 +03:00 [INF] HTTP GET /swagger/index.css responded 304 in 8.8590 ms
2026-05-27 18:13:19.005 +03:00 [INF] HTTP GET /swagger/swagger-ui-bundle.js responded 304 in 12.8067 ms
2026-05-27 18:13:19.068 +03:00 [INF] HTTP GET /swagger/swagger-ui-standalone-preset.js responded 304 in 31.8624 ms
2026-05-27 18:13:19.069 +03:00 [INF] HTTP GET /swagger/index.js responded 304 in 1.0138 ms
2026-05-27 18:13:19.269 +03:00 [INF] HTTP GET /swagger/v1/swagger.json responded 200 in 21.7961 ms
2026-05-27 18:21:22.390 +03:00 [WRN] Sensitive data logging is enabled. Log entries and exception messages may include sensitive application data; this mode should only be enabled during development.
2026-05-27 18:21:22.484 +03:00 [WRN] The entity type 'Address' is an optional dependent using table sharing without any required non shared column that could be used to identify whether the entity exists. If all nullable properties contain a 'null' value in database then an object instance won't be created in the query. Add a required property to create instances with 'null' values for other properties or mark the incoming navigation as required to always create an instance.
2026-05-27 18:21:22.499 +03:00 [WRN] No store type was specified for the decimal property 'Price' on entity type 'Dish'. This will cause values to be silently truncated if they do not fit in the default precision and scale. Explicitly specify the SQL server column type that can accommodate all the values in 'OnModelCreating' using 'HasColumnType', specify precision and scale using 'HasPrecision', or configure a value converter using 'HasConversion'.
2026-05-27 18:21:22.954 +03:00 [INF] Executed DbCommand (51ms) [Parameters=[], CommandType='"Text"', CommandTimeout='30']
SELECT 1
2026-05-27 18:21:23.324 +03:00 [INF] Executed DbCommand (19ms) [Parameters=[], CommandType='"Text"', CommandTimeout='30']
SELECT CASE
    WHEN EXISTS (
        SELECT 1
        FROM [Restaurants] AS [r]) THEN CAST(1 AS bit)
    ELSE CAST(0 AS bit)
END
2026-05-27 18:21:25.216 +03:00 [INF] HTTP GET / responded 404 in 30.0215 ms
2026-05-27 18:21:30.318 +03:00 [INF] HTTP GET /swagger/index.html responded 304 in 72.5844 ms
2026-05-27 18:21:30.360 +03:00 [INF] HTTP GET /swagger/index.css responded 304 in 10.5605 ms
2026-05-27 18:21:30.360 +03:00 [INF] HTTP GET /swagger/swagger-ui.css responded 304 in 10.5021 ms
2026-05-27 18:21:30.363 +03:00 [INF] HTTP GET /swagger/swagger-ui-bundle.js responded 304 in 14.2972 ms
2026-05-27 18:21:30.407 +03:00 [INF] HTTP GET /swagger/swagger-ui-standalone-preset.js responded 304 in 14.6604 ms
2026-05-27 18:21:30.407 +03:00 [INF] HTTP GET /swagger/index.js responded 304 in 0.5899 ms
2026-05-27 18:21:30.610 +03:00 [INF] HTTP GET /swagger/v1/swagger.json responded 200 in 28.2485 ms
2026-05-27 18:21:40.832 +03:00 [WRN] You do not have a valid license key for the Lucky Penny software MediatR. This is allowed for development and testing scenarios. If you are running in production you are required to have a licensed version. Please visit https://luckypennysoftware.com to obtain a valid license.
2026-05-27 18:21:45.636 +03:00 [WRN] Removing all dishes from restaurant: 555
2026-05-27 18:21:45.916 +03:00 [INF] HTTP DELETE /api/restaurants/555/Dishes/delete responded 204 in 5139.4753 ms
2026-05-27 18:21:45.920 +03:00 [INF] Executed DbCommand (38ms) [Parameters=[@id='555'], CommandType='"Text"', CommandTimeout='30']
SELECT [r0].[Id], [r0].[Category], [r0].[ContactEmail], [r0].[ContactNumber], [r0].[Description], [r0].[HasDelivery], [r0].[Name], [r0].[Address_City], [r0].[Address_PostalCode], [r0].[Address_Street], [d].[Id], [d].[Description], [d].[KiloCalories], [d].[Name], [d].[Price], [d].[RestaurantId]
FROM (
    SELECT TOP(1) [r].[Id], [r].[Category], [r].[ContactEmail], [r].[ContactNumber], [r].[Description], [r].[HasDelivery], [r].[Name], [r].[Address_City], [r].[Address_PostalCode], [r].[Address_Street]
    FROM [Restaurants] AS [r]
    WHERE [r].[Id] = @id
) AS [r0]
LEFT JOIN [Dishes] AS [d] ON [r0].[Id] = [d].[RestaurantId]
ORDER BY [r0].[Id]
2026-05-27 18:21:45.923 +03:00 [INF] Request [DELETE] at /api/restaurants/555/Dishes/delete took 5144 ms
2026-05-27 18:21:45.946 +03:00 [WRN] restaurant is empty
2026-05-27 18:29:00.506 +03:00 [WRN] Sensitive data logging is enabled. Log entries and exception messages may include sensitive application data; this mode should only be enabled during development.
2026-05-27 18:29:00.592 +03:00 [WRN] The entity type 'Address' is an optional dependent using table sharing without any required non shared column that could be used to identify whether the entity exists. If all nullable properties contain a 'null' value in database then an object instance won't be created in the query. Add a required property to create instances with 'null' values for other properties or mark the incoming navigation as required to always create an instance.
2026-05-27 18:29:00.607 +03:00 [WRN] No store type was specified for the decimal property 'Price' on entity type 'Dish'. This will cause values to be silently truncated if they do not fit in the default precision and scale. Explicitly specify the SQL server column type that can accommodate all the values in 'OnModelCreating' using 'HasColumnType', specify precision and scale using 'HasPrecision', or configure a value converter using 'HasConversion'.
2026-05-27 18:29:01.007 +03:00 [INF] Executed DbCommand (31ms) [Parameters=[], CommandType='"Text"', CommandTimeout='30']
SELECT 1
2026-05-27 18:29:01.289 +03:00 [INF] Executed DbCommand (19ms) [Parameters=[], CommandType='"Text"', CommandTimeout='30']
SELECT CASE
    WHEN EXISTS (
        SELECT 1
        FROM [Restaurants] AS [r]) THEN CAST(1 AS bit)
    ELSE CAST(0 AS bit)
END
2026-05-27 18:29:03.161 +03:00 [INF] HTTP GET / responded 404 in 26.0185 ms
2026-05-27 18:29:06.505 +03:00 [INF] HTTP GET /swagger/index.html responded 304 in 58.5659 ms
2026-05-27 18:29:06.536 +03:00 [INF] HTTP GET /swagger/swagger-ui.css responded 304 in 8.4684 ms
2026-05-27 18:29:06.536 +03:00 [INF] HTTP GET /swagger/index.css responded 304 in 8.4632 ms
2026-05-27 18:29:06.540 +03:00 [INF] HTTP GET /swagger/swagger-ui-bundle.js responded 304 in 11.9452 ms
2026-05-27 18:29:06.584 +03:00 [INF] HTTP GET /swagger/swagger-ui-standalone-preset.js responded 304 in 14.6061 ms
2026-05-27 18:29:06.585 +03:00 [INF] HTTP GET /swagger/index.js responded 304 in 0.6173 ms
2026-05-27 18:29:06.759 +03:00 [INF] HTTP GET /swagger/v1/swagger.json responded 200 in 21.8295 ms
2026-05-27 18:29:18.395 +03:00 [WRN] You do not have a valid license key for the Lucky Penny software MediatR. This is allowed for development and testing scenarios. If you are running in production you are required to have a licensed version. Please visit https://luckypennysoftware.com to obtain a valid license.
2026-05-27 18:29:21.477 +03:00 [WRN] Removing all dishes from restaurant: 7
2026-05-27 18:29:21.710 +03:00 [INF] HTTP DELETE /api/restaurants/7/Dishes/delete responded 204 in 3357.5392 ms
2026-05-27 18:29:21.715 +03:00 [INF] Executed DbCommand (37ms) [Parameters=[@id='7'], CommandType='"Text"', CommandTimeout='30']
SELECT [r0].[Id], [r0].[Category], [r0].[ContactEmail], [r0].[ContactNumber], [r0].[Description], [r0].[HasDelivery], [r0].[Name], [r0].[Address_City], [r0].[Address_PostalCode], [r0].[Address_Street], [d].[Id], [d].[Description], [d].[KiloCalories], [d].[Name], [d].[Price], [d].[RestaurantId]
FROM (
    SELECT TOP(1) [r].[Id], [r].[Category], [r].[ContactEmail], [r].[ContactNumber], [r].[Description], [r].[HasDelivery], [r].[Name], [r].[Address_City], [r].[Address_PostalCode], [r].[Address_Street]
    FROM [Restaurants] AS [r]
    WHERE [r].[Id] = @id
) AS [r0]
LEFT JOIN [Dishes] AS [d] ON [r0].[Id] = [d].[RestaurantId]
ORDER BY [r0].[Id]
2026-05-27 18:29:21.737 +03:00 [ERR] An exception occurred while iterating over the results of a query for context type 'Restaurant.Infrastructure.Contexts.AppDbContext'.
System.ObjectDisposedException: Cannot access a disposed context instance. A common cause of this error is disposing a context instance that was resolved from dependency injection and then later trying to use the same context instance elsewhere in your application. This may occur if you are calling 'Dispose' on the context instance, or wrapping it in a using statement. If you are using dependency injection, you should let the dependency injection container take care of disposing context instances.
Object name: 'AppDbContext'.
   at Microsoft.EntityFrameworkCore.DbContext.CheckDisposed()
   at Microsoft.EntityFrameworkCore.DbContext.get_DbContextDependencies()
   at Microsoft.EntityFrameworkCore.DbContext.Microsoft.EntityFrameworkCore.Internal.IDbContextDependencies.get_StateManager()
   at Microsoft.EntityFrameworkCore.Query.QueryContextDependencies.get_StateManager()
   at Microsoft.EntityFrameworkCore.Query.QueryContext.InitializeStateManager(Boolean standAlone)
   at Microsoft.EntityFrameworkCore.Query.Internal.SingleQueryingEnumerable`1.AsyncEnumerator.InitializeReaderAsync(AsyncEnumerator enumerator, CancellationToken cancellationToken)
   at Microsoft.EntityFrameworkCore.SqlServer.Storage.Internal.SqlServerExecutionStrategy.ExecuteAsync[TState,TResult](TState state, Func`4 operation, Func`4 verifySucceeded, CancellationToken cancellationToken)
   at Microsoft.EntityFrameworkCore.Query.Internal.SingleQueryingEnumerable`1.AsyncEnumerator.MoveNextAsync()
System.ObjectDisposedException: Cannot access a disposed context instance. A common cause of this error is disposing a context instance that was resolved from dependency injection and then later trying to use the same context instance elsewhere in your application. This may occur if you are calling 'Dispose' on the context instance, or wrapping it in a using statement. If you are using dependency injection, you should let the dependency injection container take care of disposing context instances.
Object name: 'AppDbContext'.
   at Microsoft.EntityFrameworkCore.DbContext.CheckDisposed()
   at Microsoft.EntityFrameworkCore.DbContext.get_DbContextDependencies()
   at Microsoft.EntityFrameworkCore.DbContext.Microsoft.EntityFrameworkCore.Internal.IDbContextDependencies.get_StateManager()
   at Microsoft.EntityFrameworkCore.Query.QueryContextDependencies.get_StateManager()
   at Microsoft.EntityFrameworkCore.Query.QueryContext.InitializeStateManager(Boolean standAlone)
   at Microsoft.EntityFrameworkCore.Query.Internal.SingleQueryingEnumerable`1.AsyncEnumerator.InitializeReaderAsync(AsyncEnumerator enumerator, CancellationToken cancellationToken)
   at Microsoft.EntityFrameworkCore.SqlServer.Storage.Internal.SqlServerExecutionStrategy.ExecuteAsync[TState,TResult](TState state, Func`4 operation, Func`4 verifySucceeded, CancellationToken cancellationToken)
   at Microsoft.EntityFrameworkCore.Query.Internal.SingleQueryingEnumerable`1.AsyncEnumerator.MoveNextAsync()
2026-05-27 18:30:04.121 +03:00 [WRN] Removing all dishes from restaurant: 7
2026-05-27 18:30:15.565 +03:00 [INF] Executed DbCommand (2ms) [Parameters=[@id='7'], CommandType='"Text"', CommandTimeout='30']
SELECT [r0].[Id], [r0].[Category], [r0].[ContactEmail], [r0].[ContactNumber], [r0].[Description], [r0].[HasDelivery], [r0].[Name], [r0].[Address_City], [r0].[Address_PostalCode], [r0].[Address_Street], [d].[Id], [d].[Description], [d].[KiloCalories], [d].[Name], [d].[Price], [d].[RestaurantId]
FROM (
    SELECT TOP(1) [r].[Id], [r].[Category], [r].[ContactEmail], [r].[ContactNumber], [r].[Description], [r].[HasDelivery], [r].[Name], [r].[Address_City], [r].[Address_PostalCode], [r].[Address_Street]
    FROM [Restaurants] AS [r]
    WHERE [r].[Id] = @id
) AS [r0]
LEFT JOIN [Dishes] AS [d] ON [r0].[Id] = [d].[RestaurantId]
ORDER BY [r0].[Id]
2026-05-27 18:30:15.584 +03:00 [INF] HTTP DELETE /api/restaurants/7/Dishes/delete responded 204 in 33826.0481 ms
2026-05-27 18:30:15.593 +03:00 [INF] Request [DELETE] at /api/restaurants/7/Dishes/delete took 33834 ms
2026-05-27 18:30:15.634 +03:00 [ERR] An exception occurred while iterating over the results of a query for context type 'Restaurant.Infrastructure.Contexts.AppDbContext'.
System.InvalidOperationException: Invalid attempt to call CheckDataIsReady when reader is closed.
   at Microsoft.Data.SqlClient.SqlDataReader.CheckDataIsReady(Int32 columnIndex, Boolean allowPartiallyReadColumn, Boolean permitAsync, String methodName)
   at Microsoft.Data.SqlClient.SqlDataReader.TryReadColumn(Int32 i, Boolean setTimeout, Boolean allowPartiallyReadColumn, Boolean forStreaming)
   at Microsoft.Data.SqlClient.SqlDataReader.ReadColumn(Int32 i, Boolean setTimeout, Boolean allowPartiallyReadColumn)
   at Microsoft.Data.SqlClient.SqlDataReader.GetInt32(Int32 i)
   at lambda_method67(Closure, QueryContext, DbDataReader, ResultContext, SingleQueryResultCoordinator)
   at Microsoft.EntityFrameworkCore.Query.Internal.SingleQueryingEnumerable`1.AsyncEnumerator.MoveNextAsync()
System.InvalidOperationException: Invalid attempt to call CheckDataIsReady when reader is closed.
   at Microsoft.Data.SqlClient.SqlDataReader.CheckDataIsReady(Int32 columnIndex, Boolean allowPartiallyReadColumn, Boolean permitAsync, String methodName)
   at Microsoft.Data.SqlClient.SqlDataReader.TryReadColumn(Int32 i, Boolean setTimeout, Boolean allowPartiallyReadColumn, Boolean forStreaming)
   at Microsoft.Data.SqlClient.SqlDataReader.ReadColumn(Int32 i, Boolean setTimeout, Boolean allowPartiallyReadColumn)
   at Microsoft.Data.SqlClient.SqlDataReader.GetInt32(Int32 i)
   at lambda_method67(Closure, QueryContext, DbDataReader, ResultContext, SingleQueryResultCoordinator)
   at Microsoft.EntityFrameworkCore.Query.Internal.SingleQueryingEnumerable`1.AsyncEnumerator.MoveNextAsync()
2026-05-27 18:32:31.507 +03:00 [WRN] Removing all dishes from restaurant: 7
2026-05-27 18:32:37.734 +03:00 [INF] HTTP DELETE /api/restaurants/7/Dishes/delete responded 204 in 45672.8067 ms
2026-05-27 18:32:37.734 +03:00 [INF] Executed DbCommand (20ms) [Parameters=[@id='7'], CommandType='"Text"', CommandTimeout='30']
SELECT [r0].[Id], [r0].[Category], [r0].[ContactEmail], [r0].[ContactNumber], [r0].[Description], [r0].[HasDelivery], [r0].[Name], [r0].[Address_City], [r0].[Address_PostalCode], [r0].[Address_Street], [d].[Id], [d].[Description], [d].[KiloCalories], [d].[Name], [d].[Price], [d].[RestaurantId]
FROM (
    SELECT TOP(1) [r].[Id], [r].[Category], [r].[ContactEmail], [r].[ContactNumber], [r].[Description], [r].[HasDelivery], [r].[Name], [r].[Address_City], [r].[Address_PostalCode], [r].[Address_Street]
    FROM [Restaurants] AS [r]
    WHERE [r].[Id] = @id
) AS [r0]
LEFT JOIN [Dishes] AS [d] ON [r0].[Id] = [d].[RestaurantId]
ORDER BY [r0].[Id]
2026-05-27 18:32:37.738 +03:00 [INF] Request [DELETE] at /api/restaurants/7/Dishes/delete took 45676 ms
2026-05-27 18:32:37.803 +03:00 [ERR] An exception occurred while iterating over the results of a query for context type 'Restaurant.Infrastructure.Contexts.AppDbContext'.
System.InvalidOperationException: Invalid attempt to call CheckDataIsReady when reader is closed.
   at Microsoft.Data.SqlClient.SqlDataReader.CheckDataIsReady(Int32 columnIndex, Boolean allowPartiallyReadColumn, Boolean permitAsync, String methodName)
   at Microsoft.Data.SqlClient.SqlDataReader.TryReadColumn(Int32 i, Boolean setTimeout, Boolean allowPartiallyReadColumn, Boolean forStreaming)
   at Microsoft.Data.SqlClient.SqlDataReader.ReadColumn(Int32 i, Boolean setTimeout, Boolean allowPartiallyReadColumn)
   at Microsoft.Data.SqlClient.SqlDataReader.GetInt32(Int32 i)
   at lambda_method67(Closure, QueryContext, DbDataReader, ResultContext, SingleQueryResultCoordinator)
   at Microsoft.EntityFrameworkCore.Query.Internal.SingleQueryingEnumerable`1.AsyncEnumerator.MoveNextAsync()
System.InvalidOperationException: Invalid attempt to call CheckDataIsReady when reader is closed.
   at Microsoft.Data.SqlClient.SqlDataReader.CheckDataIsReady(Int32 columnIndex, Boolean allowPartiallyReadColumn, Boolean permitAsync, String methodName)
   at Microsoft.Data.SqlClient.SqlDataReader.TryReadColumn(Int32 i, Boolean setTimeout, Boolean allowPartiallyReadColumn, Boolean forStreaming)
   at Microsoft.Data.SqlClient.SqlDataReader.ReadColumn(Int32 i, Boolean setTimeout, Boolean allowPartiallyReadColumn)
   at Microsoft.Data.SqlClient.SqlDataReader.GetInt32(Int32 i)
   at lambda_method67(Closure, QueryContext, DbDataReader, ResultContext, SingleQueryResultCoordinator)
   at Microsoft.EntityFrameworkCore.Query.Internal.SingleQueryingEnumerable`1.AsyncEnumerator.MoveNextAsync()
2026-05-27 18:34:51.831 +03:00 [WRN] Sensitive data logging is enabled. Log entries and exception messages may include sensitive application data; this mode should only be enabled during development.
2026-05-27 18:34:51.922 +03:00 [WRN] The entity type 'Address' is an optional dependent using table sharing without any required non shared column that could be used to identify whether the entity exists. If all nullable properties contain a 'null' value in database then an object instance won't be created in the query. Add a required property to create instances with 'null' values for other properties or mark the incoming navigation as required to always create an instance.
2026-05-27 18:34:51.938 +03:00 [WRN] No store type was specified for the decimal property 'Price' on entity type 'Dish'. This will cause values to be silently truncated if they do not fit in the default precision and scale. Explicitly specify the SQL server column type that can accommodate all the values in 'OnModelCreating' using 'HasColumnType', specify precision and scale using 'HasPrecision', or configure a value converter using 'HasConversion'.
2026-05-27 18:34:52.480 +03:00 [INF] Executed DbCommand (33ms) [Parameters=[], CommandType='"Text"', CommandTimeout='30']
SELECT 1
2026-05-27 18:34:52.807 +03:00 [INF] Executed DbCommand (13ms) [Parameters=[], CommandType='"Text"', CommandTimeout='30']
SELECT CASE
    WHEN EXISTS (
        SELECT 1
        FROM [Restaurants] AS [r]) THEN CAST(1 AS bit)
    ELSE CAST(0 AS bit)
END
2026-05-27 18:34:54.874 +03:00 [INF] HTTP GET / responded 404 in 19.9867 ms
2026-05-27 18:34:58.658 +03:00 [INF] HTTP GET /swagger/index.html responded 304 in 80.7067 ms
2026-05-27 18:34:58.697 +03:00 [INF] HTTP GET /swagger/swagger-ui.css responded 304 in 9.5508 ms
2026-05-27 18:34:58.697 +03:00 [INF] HTTP GET /swagger/index.css responded 304 in 9.5987 ms
2026-05-27 18:34:58.701 +03:00 [INF] HTTP GET /swagger/swagger-ui-bundle.js responded 304 in 14.4142 ms
2026-05-27 18:34:58.778 +03:00 [INF] HTTP GET /swagger/index.js responded 304 in 0.6071 ms
2026-05-27 18:34:58.778 +03:00 [INF] HTTP GET /swagger/swagger-ui-standalone-preset.js responded 304 in 23.6505 ms
2026-05-27 18:34:58.995 +03:00 [INF] HTTP GET /swagger/v1/swagger.json responded 200 in 28.5407 ms
2026-05-27 18:35:10.903 +03:00 [WRN] You do not have a valid license key for the Lucky Penny software MediatR. This is allowed for development and testing scenarios. If you are running in production you are required to have a licensed version. Please visit https://luckypennysoftware.com to obtain a valid license.
2026-05-27 18:35:11.010 +03:00 [INF] Getting All restaurants
2026-05-27 18:35:11.217 +03:00 [INF] Executed DbCommand (20ms) [Parameters=[], CommandType='"Text"', CommandTimeout='30']
SELECT [r].[Id], [r].[Category], [r].[ContactEmail], [r].[ContactNumber], [r].[Description], [r].[HasDelivery], [r].[Name], [r].[Address_City], [r].[Address_PostalCode], [r].[Address_Street], [d].[Id], [d].[Description], [d].[KiloCalories], [d].[Name], [d].[Price], [d].[RestaurantId]
FROM [Restaurants] AS [r]
LEFT JOIN [Dishes] AS [d] ON [r].[Id] = [d].[RestaurantId]
ORDER BY [r].[Id]
2026-05-27 18:35:11.397 +03:00 [INF] HTTP GET /api/Restaurants/get-all responded 200 in 528.3540 ms
2026-05-27 18:36:12.528 +03:00 [WRN] Removing all dishes from restaurant: 7
2026-05-27 18:36:21.709 +03:00 [INF] HTTP DELETE /api/restaurants/7/Dishes/delete responded 204 in 41706.7067 ms
2026-05-27 18:36:21.709 +03:00 [INF] Executed DbCommand (37ms) [Parameters=[@id='7'], CommandType='"Text"', CommandTimeout='30']
SELECT [r0].[Id], [r0].[Category], [r0].[ContactEmail], [r0].[ContactNumber], [r0].[Description], [r0].[HasDelivery], [r0].[Name], [r0].[Address_City], [r0].[Address_PostalCode], [r0].[Address_Street], [d].[Id], [d].[Description], [d].[KiloCalories], [d].[Name], [d].[Price], [d].[RestaurantId]
FROM (
    SELECT TOP(1) [r].[Id], [r].[Category], [r].[ContactEmail], [r].[ContactNumber], [r].[Description], [r].[HasDelivery], [r].[Name], [r].[Address_City], [r].[Address_PostalCode], [r].[Address_Street]
    FROM [Restaurants] AS [r]
    WHERE [r].[Id] = @id
) AS [r0]
LEFT JOIN [Dishes] AS [d] ON [r0].[Id] = [d].[RestaurantId]
ORDER BY [r0].[Id]
2026-05-27 18:36:21.715 +03:00 [INF] Request [DELETE] at /api/restaurants/7/Dishes/delete took 41711 ms
2026-05-27 18:36:57.793 +03:00 [INF] delete dishes for restaurant id: 7
2026-05-27 18:37:29.371 +03:00 [INF] Getting All restaurants
2026-05-27 18:37:29.381 +03:00 [INF] Executed DbCommand (1ms) [Parameters=[], CommandType='"Text"', CommandTimeout='30']
SELECT [r].[Id], [r].[Category], [r].[ContactEmail], [r].[ContactNumber], [r].[Description], [r].[HasDelivery], [r].[Name], [r].[Address_City], [r].[Address_PostalCode], [r].[Address_Street], [d].[Id], [d].[Description], [d].[KiloCalories], [d].[Name], [d].[Price], [d].[RestaurantId]
FROM [Restaurants] AS [r]
LEFT JOIN [Dishes] AS [d] ON [r].[Id] = [d].[RestaurantId]
ORDER BY [r].[Id]
2026-05-27 18:37:29.389 +03:00 [INF] HTTP GET /api/Restaurants/get-all responded 200 in 27.9416 ms
2026-05-27 18:46:13.824 +03:00 [WRN] Sensitive data logging is enabled. Log entries and exception messages may include sensitive application data; this mode should only be enabled during development.
2026-05-27 18:46:13.926 +03:00 [WRN] The entity type 'Address' is an optional dependent using table sharing without any required non shared column that could be used to identify whether the entity exists. If all nullable properties contain a 'null' value in database then an object instance won't be created in the query. Add a required property to create instances with 'null' values for other properties or mark the incoming navigation as required to always create an instance.
2026-05-27 18:46:13.939 +03:00 [WRN] No store type was specified for the decimal property 'Price' on entity type 'Dish'. This will cause values to be silently truncated if they do not fit in the default precision and scale. Explicitly specify the SQL server column type that can accommodate all the values in 'OnModelCreating' using 'HasColumnType', specify precision and scale using 'HasPrecision', or configure a value converter using 'HasConversion'.
2026-05-27 18:46:14.366 +03:00 [INF] Executed DbCommand (29ms) [Parameters=[], CommandType='"Text"', CommandTimeout='30']
SELECT 1
2026-05-27 18:46:14.674 +03:00 [INF] Executed DbCommand (13ms) [Parameters=[], CommandType='"Text"', CommandTimeout='30']
SELECT CASE
    WHEN EXISTS (
        SELECT 1
        FROM [Restaurants] AS [r]) THEN CAST(1 AS bit)
    ELSE CAST(0 AS bit)
END
2026-05-27 18:46:16.731 +03:00 [INF] HTTP GET / responded 404 in 23.4709 ms
2026-05-27 18:46:19.991 +03:00 [INF] HTTP GET /swagger/index.html responded 304 in 75.9458 ms
2026-05-27 18:46:20.028 +03:00 [INF] HTTP GET /swagger/index.css responded 304 in 10.1034 ms
2026-05-27 18:46:20.028 +03:00 [INF] HTTP GET /swagger/swagger-ui.css responded 304 in 10.1191 ms
2026-05-27 18:46:20.031 +03:00 [INF] HTTP GET /swagger/swagger-ui-bundle.js responded 304 in 13.4047 ms
2026-05-27 18:46:20.086 +03:00 [INF] HTTP GET /swagger/index.js responded 304 in 0.6220 ms
2026-05-27 18:46:20.086 +03:00 [INF] HTTP GET /swagger/swagger-ui-standalone-preset.js responded 304 in 16.2430 ms
2026-05-27 18:46:20.325 +03:00 [INF] HTTP GET /swagger/v1/swagger.json responded 200 in 28.8977 ms
2026-05-27 18:46:31.000 +03:00 [WRN] You do not have a valid license key for the Lucky Penny software MediatR. This is allowed for development and testing scenarios. If you are running in production you are required to have a licensed version. Please visit https://luckypennysoftware.com to obtain a valid license.
2026-05-27 18:46:43.613 +03:00 [WRN] Removing all dishes from restaurant: 7
2026-05-27 18:46:51.118 +03:00 [INF] HTTP DELETE /api/restaurants/7/Dishes/delete responded 204 in 20157.9253 ms
2026-05-27 18:46:51.121 +03:00 [INF] Executed DbCommand (7,284ms) [Parameters=[@id='7'], CommandType='"Text"', CommandTimeout='30']
SELECT [r0].[Id], [r0].[Category], [r0].[ContactEmail], [r0].[ContactNumber], [r0].[Description], [r0].[HasDelivery], [r0].[Name], [r0].[Address_City], [r0].[Address_PostalCode], [r0].[Address_Street], [d].[Id], [d].[Description], [d].[KiloCalories], [d].[Name], [d].[Price], [d].[RestaurantId]
FROM (
    SELECT TOP(1) [r].[Id], [r].[Category], [r].[ContactEmail], [r].[ContactNumber], [r].[Description], [r].[HasDelivery], [r].[Name], [r].[Address_City], [r].[Address_PostalCode], [r].[Address_Street]
    FROM [Restaurants] AS [r]
    WHERE [r].[Id] = @id
) AS [r0]
LEFT JOIN [Dishes] AS [d] ON [r0].[Id] = [d].[RestaurantId]
ORDER BY [r0].[Id]
2026-05-27 18:46:51.127 +03:00 [INF] Request [DELETE] at /api/restaurants/7/Dishes/delete took 20164 ms
2026-05-27 18:46:51.179 +03:00 [ERR] An exception occurred while iterating over the results of a query for context type 'Restaurant.Infrastructure.Contexts.AppDbContext'.
System.InvalidOperationException: Invalid attempt to call CheckDataIsReady when reader is closed.
   at Microsoft.Data.SqlClient.SqlDataReader.CheckDataIsReady(Int32 columnIndex, Boolean allowPartiallyReadColumn, Boolean permitAsync, String methodName)
   at Microsoft.Data.SqlClient.SqlDataReader.TryReadColumn(Int32 i, Boolean setTimeout, Boolean allowPartiallyReadColumn, Boolean forStreaming)
   at Microsoft.Data.SqlClient.SqlDataReader.ReadColumn(Int32 i, Boolean setTimeout, Boolean allowPartiallyReadColumn)
   at Microsoft.Data.SqlClient.SqlDataReader.GetInt32(Int32 i)
   at lambda_method67(Closure, QueryContext, DbDataReader, ResultContext, SingleQueryResultCoordinator)
   at Microsoft.EntityFrameworkCore.Query.Internal.SingleQueryingEnumerable`1.AsyncEnumerator.MoveNextAsync()
System.InvalidOperationException: Invalid attempt to call CheckDataIsReady when reader is closed.
   at Microsoft.Data.SqlClient.SqlDataReader.CheckDataIsReady(Int32 columnIndex, Boolean allowPartiallyReadColumn, Boolean permitAsync, String methodName)
   at Microsoft.Data.SqlClient.SqlDataReader.TryReadColumn(Int32 i, Boolean setTimeout, Boolean allowPartiallyReadColumn, Boolean forStreaming)
   at Microsoft.Data.SqlClient.SqlDataReader.ReadColumn(Int32 i, Boolean setTimeout, Boolean allowPartiallyReadColumn)
   at Microsoft.Data.SqlClient.SqlDataReader.GetInt32(Int32 i)
   at lambda_method67(Closure, QueryContext, DbDataReader, ResultContext, SingleQueryResultCoordinator)
   at Microsoft.EntityFrameworkCore.Query.Internal.SingleQueryingEnumerable`1.AsyncEnumerator.MoveNextAsync()
2026-05-27 18:47:04.993 +03:00 [WRN] Removing all dishes from restaurant: 7
2026-05-27 18:47:07.475 +03:00 [INF] Executed DbCommand (2,405ms) [Parameters=[@id='7'], CommandType='"Text"', CommandTimeout='30']
SELECT [r0].[Id], [r0].[Category], [r0].[ContactEmail], [r0].[ContactNumber], [r0].[Description], [r0].[HasDelivery], [r0].[Name], [r0].[Address_City], [r0].[Address_PostalCode], [r0].[Address_Street], [d].[Id], [d].[Description], [d].[KiloCalories], [d].[Name], [d].[Price], [d].[RestaurantId]
FROM (
    SELECT TOP(1) [r].[Id], [r].[Category], [r].[ContactEmail], [r].[ContactNumber], [r].[Description], [r].[HasDelivery], [r].[Name], [r].[Address_City], [r].[Address_PostalCode], [r].[Address_Street]
    FROM [Restaurants] AS [r]
    WHERE [r].[Id] = @id
) AS [r0]
LEFT JOIN [Dishes] AS [d] ON [r0].[Id] = [d].[RestaurantId]
ORDER BY [r0].[Id]
2026-05-27 18:47:07.475 +03:00 [INF] HTTP DELETE /api/restaurants/7/Dishes/delete responded 204 in 7993.7685 ms
2026-05-27 18:47:07.486 +03:00 [INF] Request [DELETE] at /api/restaurants/7/Dishes/delete took 8004 ms
2026-05-27 18:47:07.540 +03:00 [ERR] An exception occurred while iterating over the results of a query for context type 'Restaurant.Infrastructure.Contexts.AppDbContext'.
System.InvalidOperationException: Invalid attempt to call CheckDataIsReady when reader is closed.
   at Microsoft.Data.SqlClient.SqlDataReader.CheckDataIsReady(Int32 columnIndex, Boolean allowPartiallyReadColumn, Boolean permitAsync, String methodName)
   at Microsoft.Data.SqlClient.SqlDataReader.TryReadColumn(Int32 i, Boolean setTimeout, Boolean allowPartiallyReadColumn, Boolean forStreaming)
   at Microsoft.Data.SqlClient.SqlDataReader.ReadColumn(Int32 i, Boolean setTimeout, Boolean allowPartiallyReadColumn)
   at Microsoft.Data.SqlClient.SqlDataReader.GetInt32(Int32 i)
   at lambda_method67(Closure, QueryContext, DbDataReader, ResultContext, SingleQueryResultCoordinator)
   at Microsoft.EntityFrameworkCore.Query.Internal.SingleQueryingEnumerable`1.AsyncEnumerator.MoveNextAsync()
System.InvalidOperationException: Invalid attempt to call CheckDataIsReady when reader is closed.
   at Microsoft.Data.SqlClient.SqlDataReader.CheckDataIsReady(Int32 columnIndex, Boolean allowPartiallyReadColumn, Boolean permitAsync, String methodName)
   at Microsoft.Data.SqlClient.SqlDataReader.TryReadColumn(Int32 i, Boolean setTimeout, Boolean allowPartiallyReadColumn, Boolean forStreaming)
   at Microsoft.Data.SqlClient.SqlDataReader.ReadColumn(Int32 i, Boolean setTimeout, Boolean allowPartiallyReadColumn)
   at Microsoft.Data.SqlClient.SqlDataReader.GetInt32(Int32 i)
   at lambda_method67(Closure, QueryContext, DbDataReader, ResultContext, SingleQueryResultCoordinator)
   at Microsoft.EntityFrameworkCore.Query.Internal.SingleQueryingEnumerable`1.AsyncEnumerator.MoveNextAsync()
2026-05-27 18:47:27.120 +03:00 [WRN] Removing all dishes from restaurant: 7
2026-05-27 18:47:41.017 +03:00 [INF] Executed DbCommand (1ms) [Parameters=[@id='7'], CommandType='"Text"', CommandTimeout='30']
SELECT [r0].[Id], [r0].[Category], [r0].[ContactEmail], [r0].[ContactNumber], [r0].[Description], [r0].[HasDelivery], [r0].[Name], [r0].[Address_City], [r0].[Address_PostalCode], [r0].[Address_Street], [d].[Id], [d].[Description], [d].[KiloCalories], [d].[Name], [d].[Price], [d].[RestaurantId]
FROM (
    SELECT TOP(1) [r].[Id], [r].[Category], [r].[ContactEmail], [r].[ContactNumber], [r].[Description], [r].[HasDelivery], [r].[Name], [r].[Address_City], [r].[Address_PostalCode], [r].[Address_Street]
    FROM [Restaurants] AS [r]
    WHERE [r].[Id] = @id
) AS [r0]
LEFT JOIN [Dishes] AS [d] ON [r0].[Id] = [d].[RestaurantId]
ORDER BY [r0].[Id]
2026-05-27 18:47:41.036 +03:00 [INF] HTTP DELETE /api/restaurants/7/Dishes/delete responded 204 in 31147.6143 ms
2026-05-27 18:47:41.048 +03:00 [INF] Request [DELETE] at /api/restaurants/7/Dishes/delete took 31158 ms
2026-05-27 18:47:41.090 +03:00 [ERR] An exception occurred while iterating over the results of a query for context type 'Restaurant.Infrastructure.Contexts.AppDbContext'.
System.InvalidOperationException: Invalid attempt to call CheckDataIsReady when reader is closed.
   at Microsoft.Data.SqlClient.SqlDataReader.CheckDataIsReady(Int32 columnIndex, Boolean allowPartiallyReadColumn, Boolean permitAsync, String methodName)
   at Microsoft.Data.SqlClient.SqlDataReader.TryReadColumn(Int32 i, Boolean setTimeout, Boolean allowPartiallyReadColumn, Boolean forStreaming)
   at Microsoft.Data.SqlClient.SqlDataReader.ReadColumn(Int32 i, Boolean setTimeout, Boolean allowPartiallyReadColumn)
   at Microsoft.Data.SqlClient.SqlDataReader.GetInt32(Int32 i)
   at lambda_method41(Closure, QueryContext, DbDataReader)
   at Microsoft.EntityFrameworkCore.Query.RelationalShapedQueryCompilingExpressionVisitor.ShaperProcessingExpressionVisitor.InitializeIncludeCollection[TParent,TNavigationEntity](Int32 collectionId, QueryContext queryContext, DbDataReader dbDataReader, SingleQueryResultCoordinator resultCoordinator, TParent entity, Func`3 parentIdentifier, Func`3 outerIdentifier, INavigationBase navigation, IClrCollectionAccessor clrCollectionAccessor, Boolean trackingQuery, Boolean setLoaded)
   at lambda_method67(Closure, QueryContext, DbDataReader, ResultContext, SingleQueryResultCoordinator)
   at Microsoft.EntityFrameworkCore.Query.Internal.SingleQueryingEnumerable`1.AsyncEnumerator.MoveNextAsync()
System.InvalidOperationException: Invalid attempt to call CheckDataIsReady when reader is closed.
   at Microsoft.Data.SqlClient.SqlDataReader.CheckDataIsReady(Int32 columnIndex, Boolean allowPartiallyReadColumn, Boolean permitAsync, String methodName)
   at Microsoft.Data.SqlClient.SqlDataReader.TryReadColumn(Int32 i, Boolean setTimeout, Boolean allowPartiallyReadColumn, Boolean forStreaming)
   at Microsoft.Data.SqlClient.SqlDataReader.ReadColumn(Int32 i, Boolean setTimeout, Boolean allowPartiallyReadColumn)
   at Microsoft.Data.SqlClient.SqlDataReader.GetInt32(Int32 i)
   at lambda_method41(Closure, QueryContext, DbDataReader)
   at Microsoft.EntityFrameworkCore.Query.RelationalShapedQueryCompilingExpressionVisitor.ShaperProcessingExpressionVisitor.InitializeIncludeCollection[TParent,TNavigationEntity](Int32 collectionId, QueryContext queryContext, DbDataReader dbDataReader, SingleQueryResultCoordinator resultCoordinator, TParent entity, Func`3 parentIdentifier, Func`3 outerIdentifier, INavigationBase navigation, IClrCollectionAccessor clrCollectionAccessor, Boolean trackingQuery, Boolean setLoaded)
   at lambda_method67(Closure, QueryContext, DbDataReader, ResultContext, SingleQueryResultCoordinator)
   at Microsoft.EntityFrameworkCore.Query.Internal.SingleQueryingEnumerable`1.AsyncEnumerator.MoveNextAsync()
2026-05-27 18:47:57.781 +03:00 [WRN] Sensitive data logging is enabled. Log entries and exception messages may include sensitive application data; this mode should only be enabled during development.
2026-05-27 18:47:57.864 +03:00 [WRN] The entity type 'Address' is an optional dependent using table sharing without any required non shared column that could be used to identify whether the entity exists. If all nullable properties contain a 'null' value in database then an object instance won't be created in the query. Add a required property to create instances with 'null' values for other properties or mark the incoming navigation as required to always create an instance.
2026-05-27 18:47:57.877 +03:00 [WRN] No store type was specified for the decimal property 'Price' on entity type 'Dish'. This will cause values to be silently truncated if they do not fit in the default precision and scale. Explicitly specify the SQL server column type that can accommodate all the values in 'OnModelCreating' using 'HasColumnType', specify precision and scale using 'HasPrecision', or configure a value converter using 'HasConversion'.
2026-05-27 18:47:58.291 +03:00 [INF] Executed DbCommand (29ms) [Parameters=[], CommandType='"Text"', CommandTimeout='30']
SELECT 1
2026-05-27 18:47:58.567 +03:00 [INF] Executed DbCommand (19ms) [Parameters=[], CommandType='"Text"', CommandTimeout='30']
SELECT CASE
    WHEN EXISTS (
        SELECT 1
        FROM [Restaurants] AS [r]) THEN CAST(1 AS bit)
    ELSE CAST(0 AS bit)
END
2026-05-27 18:48:00.567 +03:00 [INF] HTTP GET / responded 404 in 21.4338 ms
2026-05-27 18:48:03.485 +03:00 [INF] HTTP GET /swagger/index.html responded 304 in 77.1086 ms
2026-05-27 18:48:03.524 +03:00 [INF] HTTP GET /swagger/swagger-ui.css responded 304 in 11.4222 ms
2026-05-27 18:48:03.524 +03:00 [INF] HTTP GET /swagger/index.css responded 304 in 11.4053 ms
2026-05-27 18:48:03.527 +03:00 [INF] HTTP GET /swagger/swagger-ui-bundle.js responded 304 in 14.3086 ms
2026-05-27 18:48:03.573 +03:00 [INF] HTTP GET /swagger/index.js responded 304 in 0.4522 ms
2026-05-27 18:48:03.573 +03:00 [INF] HTTP GET /swagger/swagger-ui-standalone-preset.js responded 304 in 14.8612 ms
2026-05-27 18:48:03.804 +03:00 [INF] HTTP GET /swagger/v1/swagger.json responded 200 in 24.5809 ms
2026-05-27 18:48:14.537 +03:00 [WRN] You do not have a valid license key for the Lucky Penny software MediatR. This is allowed for development and testing scenarios. If you are running in production you are required to have a licensed version. Please visit https://luckypennysoftware.com to obtain a valid license.
2026-05-27 18:48:56.818 +03:00 [WRN] Removing all dishes from restaurant: 7
2026-05-27 18:49:01.140 +03:00 [INF] HTTP DELETE /api/restaurants/7/Dishes/delete responded 204 in 46645.0892 ms
2026-05-27 18:49:01.143 +03:00 [INF] Executed DbCommand (53ms) [Parameters=[@id='7'], CommandType='"Text"', CommandTimeout='30']
SELECT [r0].[Id], [r0].[Category], [r0].[ContactEmail], [r0].[ContactNumber], [r0].[Description], [r0].[HasDelivery], [r0].[Name], [r0].[Address_City], [r0].[Address_PostalCode], [r0].[Address_Street], [d].[Id], [d].[Description], [d].[KiloCalories], [d].[Name], [d].[Price], [d].[RestaurantId]
FROM (
    SELECT TOP(1) [r].[Id], [r].[Category], [r].[ContactEmail], [r].[ContactNumber], [r].[Description], [r].[HasDelivery], [r].[Name], [r].[Address_City], [r].[Address_PostalCode], [r].[Address_Street]
    FROM [Restaurants] AS [r]
    WHERE [r].[Id] = @id
) AS [r0]
LEFT JOIN [Dishes] AS [d] ON [r0].[Id] = [d].[RestaurantId]
ORDER BY [r0].[Id]
2026-05-27 18:49:01.148 +03:00 [INF] Request [DELETE] at /api/restaurants/7/Dishes/delete took 46650 ms
2026-05-27 18:49:01.222 +03:00 [ERR] An exception occurred while iterating over the results of a query for context type 'Restaurant.Infrastructure.Contexts.AppDbContext'.
System.InvalidOperationException: Invalid attempt to call CheckDataIsReady when reader is closed.
   at Microsoft.Data.SqlClient.SqlDataReader.CheckDataIsReady(Int32 columnIndex, Boolean allowPartiallyReadColumn, Boolean permitAsync, String methodName)
   at Microsoft.Data.SqlClient.SqlDataReader.TryReadColumn(Int32 i, Boolean setTimeout, Boolean allowPartiallyReadColumn, Boolean forStreaming)
   at Microsoft.Data.SqlClient.SqlDataReader.ReadColumn(Int32 i, Boolean setTimeout, Boolean allowPartiallyReadColumn)
   at Microsoft.Data.SqlClient.SqlDataReader.GetInt32(Int32 i)
   at lambda_method67(Closure, QueryContext, DbDataReader, ResultContext, SingleQueryResultCoordinator)
   at Microsoft.EntityFrameworkCore.Query.Internal.SingleQueryingEnumerable`1.AsyncEnumerator.MoveNextAsync()
System.InvalidOperationException: Invalid attempt to call CheckDataIsReady when reader is closed.
   at Microsoft.Data.SqlClient.SqlDataReader.CheckDataIsReady(Int32 columnIndex, Boolean allowPartiallyReadColumn, Boolean permitAsync, String methodName)
   at Microsoft.Data.SqlClient.SqlDataReader.TryReadColumn(Int32 i, Boolean setTimeout, Boolean allowPartiallyReadColumn, Boolean forStreaming)
   at Microsoft.Data.SqlClient.SqlDataReader.ReadColumn(Int32 i, Boolean setTimeout, Boolean allowPartiallyReadColumn)
   at Microsoft.Data.SqlClient.SqlDataReader.GetInt32(Int32 i)
   at lambda_method67(Closure, QueryContext, DbDataReader, ResultContext, SingleQueryResultCoordinator)
   at Microsoft.EntityFrameworkCore.Query.Internal.SingleQueryingEnumerable`1.AsyncEnumerator.MoveNextAsync()
2026-05-27 18:49:17.738 +03:00 [WRN] Sensitive data logging is enabled. Log entries and exception messages may include sensitive application data; this mode should only be enabled during development.
2026-05-27 18:49:17.821 +03:00 [WRN] The entity type 'Address' is an optional dependent using table sharing without any required non shared column that could be used to identify whether the entity exists. If all nullable properties contain a 'null' value in database then an object instance won't be created in the query. Add a required property to create instances with 'null' values for other properties or mark the incoming navigation as required to always create an instance.
2026-05-27 18:49:17.834 +03:00 [WRN] No store type was specified for the decimal property 'Price' on entity type 'Dish'. This will cause values to be silently truncated if they do not fit in the default precision and scale. Explicitly specify the SQL server column type that can accommodate all the values in 'OnModelCreating' using 'HasColumnType', specify precision and scale using 'HasPrecision', or configure a value converter using 'HasConversion'.
2026-05-27 18:49:18.260 +03:00 [INF] Executed DbCommand (32ms) [Parameters=[], CommandType='"Text"', CommandTimeout='30']
SELECT 1
2026-05-27 18:49:18.543 +03:00 [INF] Executed DbCommand (22ms) [Parameters=[], CommandType='"Text"', CommandTimeout='30']
SELECT CASE
    WHEN EXISTS (
        SELECT 1
        FROM [Restaurants] AS [r]) THEN CAST(1 AS bit)
    ELSE CAST(0 AS bit)
END
2026-05-27 18:49:20.164 +03:00 [INF] HTTP GET / responded 404 in 21.0772 ms
2026-05-27 18:50:52.743 +03:00 [WRN] Sensitive data logging is enabled. Log entries and exception messages may include sensitive application data; this mode should only be enabled during development.
2026-05-27 18:50:52.940 +03:00 [WRN] The entity type 'Address' is an optional dependent using table sharing without any required non shared column that could be used to identify whether the entity exists. If all nullable properties contain a 'null' value in database then an object instance won't be created in the query. Add a required property to create instances with 'null' values for other properties or mark the incoming navigation as required to always create an instance.
2026-05-27 18:50:52.973 +03:00 [WRN] No store type was specified for the decimal property 'Price' on entity type 'Dish'. This will cause values to be silently truncated if they do not fit in the default precision and scale. Explicitly specify the SQL server column type that can accommodate all the values in 'OnModelCreating' using 'HasColumnType', specify precision and scale using 'HasPrecision', or configure a value converter using 'HasConversion'.
2026-05-27 18:50:53.750 +03:00 [INF] Executed DbCommand (45ms) [Parameters=[], CommandType='"Text"', CommandTimeout='30']
SELECT 1
2026-05-27 18:50:54.137 +03:00 [INF] Executed DbCommand (29ms) [Parameters=[], CommandType='"Text"', CommandTimeout='30']
SELECT CASE
    WHEN EXISTS (
        SELECT 1
        FROM [Restaurants] AS [r]) THEN CAST(1 AS bit)
    ELSE CAST(0 AS bit)
END
2026-05-27 18:50:56.491 +03:00 [INF] HTTP GET / responded 404 in 27.1347 ms
2026-05-27 18:51:01.139 +03:00 [INF] HTTP GET /swagger/index.html responded 304 in 85.8096 ms
2026-05-27 18:51:01.181 +03:00 [INF] HTTP GET /swagger/swagger-ui.css responded 304 in 10.2437 ms
2026-05-27 18:51:01.181 +03:00 [INF] HTTP GET /swagger/index.css responded 304 in 10.2593 ms
2026-05-27 18:51:01.184 +03:00 [INF] HTTP GET /swagger/swagger-ui-bundle.js responded 304 in 13.8016 ms
2026-05-27 18:51:01.238 +03:00 [INF] HTTP GET /swagger/index.js responded 304 in 0.6101 ms
2026-05-27 18:51:01.238 +03:00 [INF] HTTP GET /swagger/swagger-ui-standalone-preset.js responded 304 in 17.0045 ms
2026-05-27 18:51:01.524 +03:00 [INF] HTTP GET /swagger/v1/swagger.json responded 200 in 25.9651 ms
2026-05-27 18:51:22.518 +03:00 [WRN] You do not have a valid license key for the Lucky Penny software MediatR. This is allowed for development and testing scenarios. If you are running in production you are required to have a licensed version. Please visit https://luckypennysoftware.com to obtain a valid license.
2026-05-27 18:51:22.650 +03:00 [INF] getting restaurant of id:7
2026-05-27 18:51:22.896 +03:00 [INF] Executed DbCommand (35ms) [Parameters=[@id='7'], CommandType='"Text"', CommandTimeout='30']
SELECT [r0].[Id], [r0].[Category], [r0].[ContactEmail], [r0].[ContactNumber], [r0].[Description], [r0].[HasDelivery], [r0].[Name], [r0].[Address_City], [r0].[Address_PostalCode], [r0].[Address_Street], [d].[Id], [d].[Description], [d].[KiloCalories], [d].[Name], [d].[Price], [d].[RestaurantId]
FROM (
    SELECT TOP(1) [r].[Id], [r].[Category], [r].[ContactEmail], [r].[ContactNumber], [r].[Description], [r].[HasDelivery], [r].[Name], [r].[Address_City], [r].[Address_PostalCode], [r].[Address_Street]
    FROM [Restaurants] AS [r]
    WHERE [r].[Id] = @id
) AS [r0]
LEFT JOIN [Dishes] AS [d] ON [r0].[Id] = [d].[RestaurantId]
ORDER BY [r0].[Id]
2026-05-27 18:51:23.047 +03:00 [INF] HTTP GET /api/Restaurants/get-restaurant/7 responded 200 in 580.5628 ms
2026-05-27 18:52:14.456 +03:00 [WRN] Removing all dishes from restaurant: 7
2026-05-27 18:52:21.950 +03:00 [INF] Executed DbCommand (2ms) [Parameters=[@id='7'], CommandType='"Text"', CommandTimeout='30']
SELECT [r0].[Id], [r0].[Category], [r0].[ContactEmail], [r0].[ContactNumber], [r0].[Description], [r0].[HasDelivery], [r0].[Name], [r0].[Address_City], [r0].[Address_PostalCode], [r0].[Address_Street], [d].[Id], [d].[Description], [d].[KiloCalories], [d].[Name], [d].[Price], [d].[RestaurantId]
FROM (
    SELECT TOP(1) [r].[Id], [r].[Category], [r].[ContactEmail], [r].[ContactNumber], [r].[Description], [r].[HasDelivery], [r].[Name], [r].[Address_City], [r].[Address_PostalCode], [r].[Address_Street]
    FROM [Restaurants] AS [r]
    WHERE [r].[Id] = @id
) AS [r0]
LEFT JOIN [Dishes] AS [d] ON [r0].[Id] = [d].[RestaurantId]
ORDER BY [r0].[Id]
2026-05-27 18:52:21.953 +03:00 [INF] HTTP DELETE /api/restaurants/7/Dishes/delete responded 204 in 34968.4759 ms
2026-05-27 18:52:43.892 +03:00 [INF] Request [DELETE] at /api/restaurants/7/Dishes/delete took 46233 ms
2026-05-27 18:52:43.895 +03:00 [INF] delete dishes for restaurant id: 7
2026-05-27 18:53:14.390 +03:00 [INF] end handler
2026-05-27 19:02:02.880 +03:00 [WRN] Sensitive data logging is enabled. Log entries and exception messages may include sensitive application data; this mode should only be enabled during development.
2026-05-27 19:02:02.985 +03:00 [WRN] The entity type 'Address' is an optional dependent using table sharing without any required non shared column that could be used to identify whether the entity exists. If all nullable properties contain a 'null' value in database then an object instance won't be created in the query. Add a required property to create instances with 'null' values for other properties or mark the incoming navigation as required to always create an instance.
2026-05-27 19:02:02.999 +03:00 [WRN] No store type was specified for the decimal property 'Price' on entity type 'Dish'. This will cause values to be silently truncated if they do not fit in the default precision and scale. Explicitly specify the SQL server column type that can accommodate all the values in 'OnModelCreating' using 'HasColumnType', specify precision and scale using 'HasPrecision', or configure a value converter using 'HasConversion'.
2026-05-27 19:02:03.480 +03:00 [INF] Executed DbCommand (33ms) [Parameters=[], CommandType='"Text"', CommandTimeout='30']
SELECT 1
2026-05-27 19:02:03.904 +03:00 [INF] Executed DbCommand (16ms) [Parameters=[], CommandType='"Text"', CommandTimeout='30']
SELECT CASE
    WHEN EXISTS (
        SELECT 1
        FROM [Restaurants] AS [r]) THEN CAST(1 AS bit)
    ELSE CAST(0 AS bit)
END
2026-05-27 19:02:05.837 +03:00 [INF] HTTP GET / responded 404 in 23.0505 ms
2026-05-27 19:02:08.838 +03:00 [INF] HTTP GET /swagger/index.html responded 304 in 147.4578 ms
2026-05-27 19:02:08.886 +03:00 [INF] HTTP GET /swagger/index.css responded 304 in 11.5161 ms
2026-05-27 19:02:08.890 +03:00 [INF] HTTP GET /swagger/swagger-ui-bundle.js responded 304 in 15.0184 ms
2026-05-27 19:02:08.886 +03:00 [INF] HTTP GET /swagger/swagger-ui.css responded 304 in 11.5242 ms
2026-05-27 19:02:08.951 +03:00 [INF] HTTP GET /swagger/swagger-ui-standalone-preset.js responded 304 in 20.4967 ms
2026-05-27 19:02:08.951 +03:00 [INF] HTTP GET /swagger/index.js responded 304 in 0.9450 ms
2026-05-27 19:02:09.279 +03:00 [INF] HTTP GET /swagger/v1/swagger.json responded 200 in 37.4834 ms
2026-05-27 19:02:17.531 +03:00 [WRN] You do not have a valid license key for the Lucky Penny software MediatR. This is allowed for development and testing scenarios. If you are running in production you are required to have a licensed version. Please visit https://luckypennysoftware.com to obtain a valid license.
2026-05-27 19:02:37.670 +03:00 [WRN] Removing all dishes from restaurant: 7
2026-05-27 19:02:48.830 +03:00 [INF] HTTP DELETE /api/restaurants/7/Dishes/delete responded 204 in 31343.4492 ms
2026-05-27 19:02:48.832 +03:00 [INF] Executed DbCommand (55ms) [Parameters=[@id='7'], CommandType='"Text"', CommandTimeout='30']
SELECT [r0].[Id], [r0].[Category], [r0].[ContactEmail], [r0].[ContactNumber], [r0].[Description], [r0].[HasDelivery], [r0].[Name], [r0].[Address_City], [r0].[Address_PostalCode], [r0].[Address_Street], [d].[Id], [d].[Description], [d].[KiloCalories], [d].[Name], [d].[Price], [d].[RestaurantId]
FROM (
    SELECT TOP(1) [r].[Id], [r].[Category], [r].[ContactEmail], [r].[ContactNumber], [r].[Description], [r].[HasDelivery], [r].[Name], [r].[Address_City], [r].[Address_PostalCode], [r].[Address_Street]
    FROM [Restaurants] AS [r]
    WHERE [r].[Id] = @id
) AS [r0]
LEFT JOIN [Dishes] AS [d] ON [r0].[Id] = [d].[RestaurantId]
ORDER BY [r0].[Id]
2026-05-27 19:02:48.836 +03:00 [INF] Request [DELETE] at /api/restaurants/7/Dishes/delete took 31348 ms
2026-05-27 19:02:48.896 +03:00 [ERR] An exception occurred while iterating over the results of a query for context type 'Restaurant.Infrastructure.Contexts.AppDbContext'.
System.InvalidOperationException: Invalid attempt to call CheckDataIsReady when reader is closed.
   at Microsoft.Data.SqlClient.SqlDataReader.CheckDataIsReady(Int32 columnIndex, Boolean allowPartiallyReadColumn, Boolean permitAsync, String methodName)
   at Microsoft.Data.SqlClient.SqlDataReader.TryReadColumn(Int32 i, Boolean setTimeout, Boolean allowPartiallyReadColumn, Boolean forStreaming)
   at Microsoft.Data.SqlClient.SqlDataReader.ReadColumn(Int32 i, Boolean setTimeout, Boolean allowPartiallyReadColumn)
   at Microsoft.Data.SqlClient.SqlDataReader.GetInt32(Int32 i)
   at lambda_method67(Closure, QueryContext, DbDataReader, ResultContext, SingleQueryResultCoordinator)
   at Microsoft.EntityFrameworkCore.Query.Internal.SingleQueryingEnumerable`1.AsyncEnumerator.MoveNextAsync()
System.InvalidOperationException: Invalid attempt to call CheckDataIsReady when reader is closed.
   at Microsoft.Data.SqlClient.SqlDataReader.CheckDataIsReady(Int32 columnIndex, Boolean allowPartiallyReadColumn, Boolean permitAsync, String methodName)
   at Microsoft.Data.SqlClient.SqlDataReader.TryReadColumn(Int32 i, Boolean setTimeout, Boolean allowPartiallyReadColumn, Boolean forStreaming)
   at Microsoft.Data.SqlClient.SqlDataReader.ReadColumn(Int32 i, Boolean setTimeout, Boolean allowPartiallyReadColumn)
   at Microsoft.Data.SqlClient.SqlDataReader.GetInt32(Int32 i)
   at lambda_method67(Closure, QueryContext, DbDataReader, ResultContext, SingleQueryResultCoordinator)
   at Microsoft.EntityFrameworkCore.Query.Internal.SingleQueryingEnumerable`1.AsyncEnumerator.MoveNextAsync()
2026-05-27 19:04:29.279 +03:00 [WRN] Sensitive data logging is enabled. Log entries and exception messages may include sensitive application data; this mode should only be enabled during development.
2026-05-27 19:04:29.371 +03:00 [WRN] The entity type 'Address' is an optional dependent using table sharing without any required non shared column that could be used to identify whether the entity exists. If all nullable properties contain a 'null' value in database then an object instance won't be created in the query. Add a required property to create instances with 'null' values for other properties or mark the incoming navigation as required to always create an instance.
2026-05-27 19:04:29.386 +03:00 [WRN] No store type was specified for the decimal property 'Price' on entity type 'Dish'. This will cause values to be silently truncated if they do not fit in the default precision and scale. Explicitly specify the SQL server column type that can accommodate all the values in 'OnModelCreating' using 'HasColumnType', specify precision and scale using 'HasPrecision', or configure a value converter using 'HasConversion'.
2026-05-27 19:04:29.899 +03:00 [INF] Executed DbCommand (44ms) [Parameters=[], CommandType='"Text"', CommandTimeout='30']
SELECT 1
2026-05-27 19:04:30.368 +03:00 [INF] Executed DbCommand (21ms) [Parameters=[], CommandType='"Text"', CommandTimeout='30']
SELECT CASE
    WHEN EXISTS (
        SELECT 1
        FROM [Restaurants] AS [r]) THEN CAST(1 AS bit)
    ELSE CAST(0 AS bit)
END
2026-05-27 19:04:32.211 +03:00 [INF] HTTP GET / responded 404 in 21.1434 ms
2026-05-27 19:05:15.154 +03:00 [WRN] Sensitive data logging is enabled. Log entries and exception messages may include sensitive application data; this mode should only be enabled during development.
2026-05-27 19:05:15.242 +03:00 [WRN] The entity type 'Address' is an optional dependent using table sharing without any required non shared column that could be used to identify whether the entity exists. If all nullable properties contain a 'null' value in database then an object instance won't be created in the query. Add a required property to create instances with 'null' values for other properties or mark the incoming navigation as required to always create an instance.
2026-05-27 19:05:15.260 +03:00 [WRN] No store type was specified for the decimal property 'Price' on entity type 'Dish'. This will cause values to be silently truncated if they do not fit in the default precision and scale. Explicitly specify the SQL server column type that can accommodate all the values in 'OnModelCreating' using 'HasColumnType', specify precision and scale using 'HasPrecision', or configure a value converter using 'HasConversion'.
2026-05-27 19:05:15.679 +03:00 [INF] Executed DbCommand (35ms) [Parameters=[], CommandType='"Text"', CommandTimeout='30']
SELECT 1
2026-05-27 19:05:15.976 +03:00 [INF] Executed DbCommand (17ms) [Parameters=[], CommandType='"Text"', CommandTimeout='30']
SELECT CASE
    WHEN EXISTS (
        SELECT 1
        FROM [Restaurants] AS [r]) THEN CAST(1 AS bit)
    ELSE CAST(0 AS bit)
END
2026-05-27 19:05:17.940 +03:00 [INF] HTTP GET / responded 404 in 28.5767 ms
2026-05-27 19:05:22.360 +03:00 [INF] HTTP GET /swagger/index.html responded 304 in 94.0929 ms
2026-05-27 19:05:22.401 +03:00 [INF] HTTP GET /swagger/index.css responded 304 in 9.7747 ms
2026-05-27 19:05:22.401 +03:00 [INF] HTTP GET /swagger/swagger-ui.css responded 304 in 9.7887 ms
2026-05-27 19:05:22.406 +03:00 [INF] HTTP GET /swagger/swagger-ui-bundle.js responded 304 in 15.2238 ms
2026-05-27 19:05:22.463 +03:00 [INF] HTTP GET /swagger/swagger-ui-standalone-preset.js responded 304 in 17.0420 ms
2026-05-27 19:05:22.463 +03:00 [INF] HTTP GET /swagger/index.js responded 304 in 0.6967 ms
2026-05-27 19:05:22.701 +03:00 [INF] HTTP GET /swagger/v1/swagger.json responded 200 in 30.5672 ms
2026-05-27 19:05:34.132 +03:00 [WRN] You do not have a valid license key for the Lucky Penny software MediatR. This is allowed for development and testing scenarios. If you are running in production you are required to have a licensed version. Please visit https://luckypennysoftware.com to obtain a valid license.
2026-05-27 19:05:34.275 +03:00 [INF] getting restaurant of id:7
2026-05-27 19:05:34.555 +03:00 [INF] Executed DbCommand (37ms) [Parameters=[@id='7'], CommandType='"Text"', CommandTimeout='30']
SELECT [r0].[Id], [r0].[Category], [r0].[ContactEmail], [r0].[ContactNumber], [r0].[Description], [r0].[HasDelivery], [r0].[Name], [r0].[Address_City], [r0].[Address_PostalCode], [r0].[Address_Street], [d].[Id], [d].[Description], [d].[KiloCalories], [d].[Name], [d].[Price], [d].[RestaurantId]
FROM (
    SELECT TOP(1) [r].[Id], [r].[Category], [r].[ContactEmail], [r].[ContactNumber], [r].[Description], [r].[HasDelivery], [r].[Name], [r].[Address_City], [r].[Address_PostalCode], [r].[Address_Street]
    FROM [Restaurants] AS [r]
    WHERE [r].[Id] = @id
) AS [r0]
LEFT JOIN [Dishes] AS [d] ON [r0].[Id] = [d].[RestaurantId]
ORDER BY [r0].[Id]
2026-05-27 19:05:34.704 +03:00 [INF] HTTP GET /api/Restaurants/get-restaurant/7 responded 200 in 622.7062 ms
2026-05-27 19:06:10.968 +03:00 [WRN] Removing all dishes from restaurant: 7
2026-05-27 19:06:17.320 +03:00 [INF] Executed DbCommand (20ms) [Parameters=[@id='7'], CommandType='"Text"', CommandTimeout='30']
SELECT [r0].[Id], [r0].[Category], [r0].[ContactEmail], [r0].[ContactNumber], [r0].[Description], [r0].[HasDelivery], [r0].[Name], [r0].[Address_City], [r0].[Address_PostalCode], [r0].[Address_Street], [d].[Id], [d].[Description], [d].[KiloCalories], [d].[Name], [d].[Price], [d].[RestaurantId]
FROM (
    SELECT TOP(1) [r].[Id], [r].[Category], [r].[ContactEmail], [r].[ContactNumber], [r].[Description], [r].[HasDelivery], [r].[Name], [r].[Address_City], [r].[Address_PostalCode], [r].[Address_Street]
    FROM [Restaurants] AS [r]
    WHERE [r].[Id] = @id
) AS [r0]
LEFT JOIN [Dishes] AS [d] ON [r0].[Id] = [d].[RestaurantId]
ORDER BY [r0].[Id]
2026-05-27 19:06:17.322 +03:00 [INF] HTTP DELETE /api/restaurants/7/Dishes/delete responded 204 in 32816.9438 ms
2026-05-27 19:06:27.881 +03:00 [INF] Request [DELETE] at /api/restaurants/7/Dishes/delete took 37041 ms
2026-05-27 19:06:27.882 +03:00 [INF] delete dishes for restaurant id: 7
2026-05-27 19:37:32.865 +03:00 [WRN] Sensitive data logging is enabled. Log entries and exception messages may include sensitive application data; this mode should only be enabled during development.
2026-05-27 19:37:33.034 +03:00 [WRN] The entity type 'Address' is an optional dependent using table sharing without any required non shared column that could be used to identify whether the entity exists. If all nullable properties contain a 'null' value in database then an object instance won't be created in the query. Add a required property to create instances with 'null' values for other properties or mark the incoming navigation as required to always create an instance.
2026-05-27 19:37:33.051 +03:00 [WRN] No store type was specified for the decimal property 'Price' on entity type 'Dish'. This will cause values to be silently truncated if they do not fit in the default precision and scale. Explicitly specify the SQL server column type that can accommodate all the values in 'OnModelCreating' using 'HasColumnType', specify precision and scale using 'HasPrecision', or configure a value converter using 'HasConversion'.
2026-05-27 19:37:35.329 +03:00 [INF] Executed DbCommand (40ms) [Parameters=[], CommandType='"Text"', CommandTimeout='30']
SELECT 1
2026-05-27 19:37:35.925 +03:00 [INF] Executed DbCommand (25ms) [Parameters=[], CommandType='"Text"', CommandTimeout='30']
SELECT CASE
    WHEN EXISTS (
        SELECT 1
        FROM [Restaurants] AS [r]) THEN CAST(1 AS bit)
    ELSE CAST(0 AS bit)
END
2026-05-27 19:37:38.232 +03:00 [INF] HTTP GET / responded 404 in 20.7553 ms
2026-05-27 19:37:49.339 +03:00 [INF] HTTP GET /swagger responded 301 in 2.0828 ms
2026-05-27 19:37:49.546 +03:00 [INF] HTTP GET /swagger/index.html responded 200 in 184.4034 ms
2026-05-27 19:37:49.603 +03:00 [INF] HTTP GET /swagger/index.js responded 200 in 44.4990 ms
2026-05-27 19:37:49.651 +03:00 [INF] HTTP GET /swagger/index.css responded 200 in 93.5738 ms
2026-05-27 19:37:49.673 +03:00 [INF] HTTP GET /swagger/swagger-ui.css responded 200 in 115.8027 ms
2026-05-27 19:37:49.682 +03:00 [INF] HTTP GET /swagger/swagger-ui-standalone-preset.js responded 200 in 120.9564 ms
2026-05-27 19:37:49.693 +03:00 [INF] HTTP GET /swagger/swagger-ui-bundle.js responded 200 in 135.9721 ms
2026-05-27 19:37:50.017 +03:00 [INF] HTTP GET /swagger/v1/swagger.json responded 200 in 26.0937 ms
2026-05-27 19:37:50.024 +03:00 [INF] HTTP GET /swagger/favicon-32x32.png responded 200 in 3.0794 ms
2026-05-27 19:37:58.035 +03:00 [WRN] You do not have a valid license key for the Lucky Penny software MediatR. This is allowed for development and testing scenarios. If you are running in production you are required to have a licensed version. Please visit https://luckypennysoftware.com to obtain a valid license.
2026-05-27 19:38:13.971 +03:00 [WRN] Removing all dishes from restaurant: 7
2026-05-27 19:38:30.535 +03:00 [INF] HTTP DELETE /api/restaurants/7/Dishes/delete responded 204 in 32569.2534 ms
2026-05-27 19:38:30.539 +03:00 [INF] Executed DbCommand (234ms) [Parameters=[@id='7'], CommandType='"Text"', CommandTimeout='30']
SELECT [r0].[Id], [r0].[Category], [r0].[ContactEmail], [r0].[ContactNumber], [r0].[Description], [r0].[HasDelivery], [r0].[Name], [r0].[Address_City], [r0].[Address_PostalCode], [r0].[Address_Street], [d].[Id], [d].[Description], [d].[KiloCalories], [d].[Name], [d].[Price], [d].[RestaurantId]
FROM (
    SELECT TOP(1) [r].[Id], [r].[Category], [r].[ContactEmail], [r].[ContactNumber], [r].[Description], [r].[HasDelivery], [r].[Name], [r].[Address_City], [r].[Address_PostalCode], [r].[Address_Street]
    FROM [Restaurants] AS [r]
    WHERE [r].[Id] = @id
) AS [r0]
LEFT JOIN [Dishes] AS [d] ON [r0].[Id] = [d].[RestaurantId]
ORDER BY [r0].[Id]
2026-05-27 19:38:30.542 +03:00 [INF] Request [DELETE] at /api/restaurants/7/Dishes/delete took 32573 ms
2026-05-27 19:38:30.585 +03:00 [ERR] An exception occurred while iterating over the results of a query for context type 'Restaurant.Infrastructure.Contexts.AppDbContext'.
System.InvalidOperationException: Invalid attempt to call CheckDataIsReady when reader is closed.
   at Microsoft.Data.SqlClient.SqlDataReader.CheckDataIsReady(Int32 columnIndex, Boolean allowPartiallyReadColumn, Boolean permitAsync, String methodName)
   at Microsoft.Data.SqlClient.SqlDataReader.TryReadColumn(Int32 i, Boolean setTimeout, Boolean allowPartiallyReadColumn, Boolean forStreaming)
   at Microsoft.Data.SqlClient.SqlDataReader.ReadColumn(Int32 i, Boolean setTimeout, Boolean allowPartiallyReadColumn)
   at Microsoft.Data.SqlClient.SqlDataReader.GetInt32(Int32 i)
   at lambda_method67(Closure, QueryContext, DbDataReader, ResultContext, SingleQueryResultCoordinator)
   at Microsoft.EntityFrameworkCore.Query.Internal.SingleQueryingEnumerable`1.AsyncEnumerator.MoveNextAsync()
System.InvalidOperationException: Invalid attempt to call CheckDataIsReady when reader is closed.
   at Microsoft.Data.SqlClient.SqlDataReader.CheckDataIsReady(Int32 columnIndex, Boolean allowPartiallyReadColumn, Boolean permitAsync, String methodName)
   at Microsoft.Data.SqlClient.SqlDataReader.TryReadColumn(Int32 i, Boolean setTimeout, Boolean allowPartiallyReadColumn, Boolean forStreaming)
   at Microsoft.Data.SqlClient.SqlDataReader.ReadColumn(Int32 i, Boolean setTimeout, Boolean allowPartiallyReadColumn)
   at Microsoft.Data.SqlClient.SqlDataReader.GetInt32(Int32 i)
   at lambda_method67(Closure, QueryContext, DbDataReader, ResultContext, SingleQueryResultCoordinator)
   at Microsoft.EntityFrameworkCore.Query.Internal.SingleQueryingEnumerable`1.AsyncEnumerator.MoveNextAsync()
